reference_id,name,source_kind,review_tier,source_family,domain,surface_type,page_job,information_topology,transferable_principle,non_transferable_or_caution,source_url,source_page,maturity_signal,reviewed_on,evidence_scope,evidence_notes
AW-002,ERA Residence,award_site,catalog,awwwards.com,mixed award-site sample,marketing / editorial / portfolio / experimental,,,Breadth reference only; inspect the actual site before transferring any principle.,"An award listing is not evidence of product usability, accessibility or suitability for another task.",https://www.awwwards.com/websites/sites_of_the_day/,1,Awwwards Site of the Day listing,2026-09-02,listing title and award metadata only,Listing-only breadth sample; not eligible as a direct design reference.
AW-003,Aardvark Book Club,award_site,catalog,awwwards.com,mixed award-site sample,marketing / editorial / portfolio / experimental,,,Breadth reference only; inspect the actual site before transferring any principle.,"An award listing is not evidence of product usability, accessibility or suitability for another task.",https://www.awwwards.com/websites/sites_of_the_day/,1,Awwwards Site of the Day listing,2026-09-02,listing title and award metadata only,Listing-only breadth sample; not eligible as a direct design reference.
AW-004,HOBRO DIGITAL,award_site,catalog,awwwards.com,mixed award-site sample,marketing / editorial / portfolio / experimental,,,Breadth reference only; inspect the actual site before transferring any principle.,"An award listing is not evidence of product usability, accessibility or suitability for another task.",https://www.awwwards.com/websites/sites_of_the_day/,1,Awwwards Site of the Day listing,2026-09-02,listing title and award metadata only,Listing-only breadth sample; not eligible as a direct design reference.
AW-005,Decathlon Yestalgia,award_site,catalog,awwwards.com,mixed award-site sample,marketing / editorial / portfolio / experimental,,,Breadth reference only; inspect the actual site before transferring any principle.,"An award listing is not evidence of product usability, accessibility or suitability for another task.",https://www.awwwards.com/websites/sites_of_the_day/,1,Awwwards Site of the Day listing,2026-09-02,listing title and award metadata only,Listing-only breadth sample; not eligible as a direct design reference.
AW-006,Sharplink,award_site,catalog,awwwards.com,mixed award-site sample,marketing / editorial / portfolio / experimental,,,Breadth reference only; inspect the actual site before transferring any principle.,"An award listing is not evidence of product usability, accessibility or suitability for another task.",https://www.awwwards.com/websites/sites_of_the_day/,1,Awwwards Site of the Day listing,2026-09-02,listing title and award metadata only,Listing-only breadth sample; not eligible as a direct design reference.
AW-007,Ai in Design Report 2026,award_site,catalog,awwwards.com,mixed award-site sample,marketing / editorial / portfolio / experimental,,,Breadth reference only; inspect the actual site before transferring any principle.,"An award listing is not evidence of product usability, accessibility or suitability for another task.",https://www.awwwards.com/websites/sites_of_the_day/,1,Awwwards Site of the Day listing,2026-09-02,listing title and award metadata only,Listing-only breadth sample; not eligible as a direct design reference.
AW-008,MIU MIU A House that we shaped,award_site,catalog,awwwards.com,mixed award-site sample,marketing / editorial / portfolio / experimental,,,Breadth reference only; inspect the actual site before transferring any principle.,"An award listing is not evidence of product usability, accessibility or suitability for another task.",https://www.awwwards.com/websites/sites_of_the_day/,1,Awwwards Site of the Day listing,2026-09-02,listing title and award metadata only,Listing-only breadth sample; not eligible as a direct design reference.
AW-009,/zeroz Brand Site,award_site,catalog,awwwards.com,mixed award-site sample,marketing / editorial / portfolio / experimental,,,Breadth reference only; inspect the actual site before transferring any principle.,"An award listing is not evidence of product usability, accessibility or suitability for another task.",https://www.awwwards.com/websites/sites_of_the_day/,1,Awwwards Site of the Day listing,2026-09-02,listing title and award metadata only,Listing-only breadth sample; not eligible as a direct design reference.
AW-010,Kononenko Architectural Bureau,award_site,catalog,awwwards.com,mixed award-site sample,marketing / editorial / portfolio / experimental,,,Breadth reference only; inspect the actual site before transferring any principle.,"An award listing is not evidence of product usability, accessibility or suitability for another task.",https://www.awwwards.com/websites/sites_of_the_day/,1,Awwwards Site of the Day listing,2026-09-02,listing title and award metadata only,Listing-only breadth sample; not eligible as a direct design reference.
AW-011,The state of the gallery,award_site,catalog,awwwards.com,mixed award-site sample,marketing / editorial / portfolio / experimental,,,Breadth reference only; inspect the actual site before transferring any principle.,"An award listing is not evidence of product usability, accessibility or suitability for another task.",https://www.awwwards.com/websites/sites_of_the_day/,1,Awwwards Site of the Day listing,2026-09-02,listing title and award metadata only,Listing-only breadth sample; not eligible as a direct design reference.
AW-012,Oimachi,award_site,catalog,awwwards.com,mixed award-site sample,marketing / editorial / portfolio / experimental,,,Breadth reference only; inspect the actual site before transferring any principle.,"An award listing is not evidence of product usability, accessibility or suitability for another task.",https://www.awwwards.com/websites/sites_of_the_day/,1,Awwwards Site of the Day listing,2026-09-02,listing title and award metadata only,Listing-only breadth sample; not eligible as a direct design reference.
AW-013,Cipher,award_site,catalog,awwwards.com,mixed award-site sample,marketing / editorial / portfolio / experimental,,,Breadth reference only; inspect the actual site before transferring any principle.,"An award listing is not evidence of product usability, accessibility or suitability for another task.",https://www.awwwards.com/websites/sites_of_the_day/,1,Awwwards Site of the Day listing,2026-09-02,listing title and award metadata only,Listing-only breadth sample; not eligible as a direct design reference.
AW-014,LIKOVA,award_site,catalog,awwwards.com,mixed award-site sample,marketing / editorial / portfolio / experimental,,,Breadth reference only; inspect the actual site before transferring any principle.,"An award listing is not evidence of product usability, accessibility or suitability for another task.",https://www.awwwards.com/websites/sites_of_the_day/,1,Awwwards Site of the Day listing,2026-09-02,listing title and award metadata only,Listing-only breadth sample; not eligible as a direct design reference.
AW-015,Michael Gatt,award_site,catalog,awwwards.com,mixed award-site sample,marketing / editorial / portfolio / experimental,,,Breadth reference only; inspect the actual site before transferring any principle.,"An award listing is not evidence of product usability, accessibility or suitability for another task.",https://www.awwwards.com/websites/sites_of_the_day/,1,Awwwards Site of the Day listing,2026-09-02,listing title and award metadata only,Listing-only breadth sample; not eligible as a direct design reference.
AW-016,The Watch,award_site,catalog,awwwards.com,mixed award-site sample,marketing / editorial / portfolio / experimental,,,Breadth reference only; inspect the actual site before transferring any principle.,"An award listing is not evidence of product usability, accessibility or suitability for another task.",https://www.awwwards.com/websites/sites_of_the_day/,1,Awwwards Site of the Day listing,2026-09-02,listing title and award metadata only,Listing-only breadth sample; not eligible as a direct design reference.
AW-017,SSTR - Friction Reduction,award_site,catalog,awwwards.com,mixed award-site sample,marketing / editorial / portfolio / experimental,,,Breadth reference only; inspect the actual site before transferring any principle.,"An award listing is not evidence of product usability, accessibility or suitability for another task.",https://www.awwwards.com/websites/sites_of_the_day/,1,Awwwards Site of the Day listing,2026-09-02,listing title and award metadata only,Listing-only breadth sample; not eligible as a direct design reference.
AW-018,PX PUSH,award_site,catalog,awwwards.com,mixed award-site sample,marketing / editorial / portfolio / experimental,,,Breadth reference only; inspect the actual site before transferring any principle.,"An award listing is not evidence of product usability, accessibility or suitability for another task.",https://www.awwwards.com/websites/sites_of_the_day/,1,Awwwards Site of the Day listing,2026-09-02,listing title and award metadata only,Listing-only breadth sample; not eligible as a direct design reference.
AW-019,HAOQI.DESIGN,award_site,catalog,awwwards.com,mixed award-site sample,marketing / editorial / portfolio / experimental,,,Breadth reference only; inspect the actual site before transferring any principle.,"An award listing is not evidence of product usability, accessibility or suitability for another task.",https://www.awwwards.com/websites/sites_of_the_day/,1,Awwwards Site of the Day listing,2026-09-02,listing title and award metadata only,Listing-only breadth sample; not eligible as a direct design reference.
AW-020,Mosby's Files,award_site,catalog,awwwards.com,mixed award-site sample,marketing / editorial / portfolio / experimental,,,Breadth reference only; inspect the actual site before transferring any principle.,"An award listing is not evidence of product usability, accessibility or suitability for another task.",https://www.awwwards.com/websites/sites_of_the_day/,1,Awwwards Site of the Day listing,2026-09-02,listing title and award metadata only,Listing-only breadth sample; not eligible as a direct design reference.
AW-021,Revelatio Studio,award_site,catalog,awwwards.com,mixed award-site sample,marketing / editorial / portfolio / experimental,,,Breadth reference only; inspect the actual site before transferring any principle.,"An award listing is not evidence of product usability, accessibility or suitability for another task.",https://www.awwwards.com/websites/sites_of_the_day/,1,Awwwards Site of the Day listing,2026-09-02,listing title and award metadata only,Listing-only breadth sample; not eligible as a direct design reference.
AW-022,Studio K95,award_site,catalog,awwwards.com,mixed award-site sample,marketing / editorial / portfolio / experimental,,,Breadth reference only; inspect the actual site before transferring any principle.,"An award listing is not evidence of product usability, accessibility or suitability for another task.",https://www.awwwards.com/websites/sites_of_the_day/,1,Awwwards Site of the Day listing,2026-09-02,listing title and award metadata only,Listing-only breadth sample; not eligible as a direct design reference.
AW-023,NOTHIN',award_site,catalog,awwwards.com,mixed award-site sample,marketing / editorial / portfolio / experimental,,,Breadth reference only; inspect the actual site before transferring any principle.,"An award listing is not evidence of product usability, accessibility or suitability for another task.",https://www.awwwards.com/websites/sites_of_the_day/,1,Awwwards Site of the Day listing,2026-09-02,listing title and award metadata only,Listing-only breadth sample; not eligible as a direct design reference.
AW-024,Produx Design,award_site,catalog,awwwards.com,mixed award-site sample,marketing / editorial / portfolio / experimental,,,Breadth reference only; inspect the actual site before transferring any principle.,"An award listing is not evidence of product usability, accessibility or suitability for another task.",https://www.awwwards.com/websites/sites_of_the_day/,1,Awwwards Site of the Day listing,2026-09-02,listing title and award metadata only,Listing-only breadth sample; not eligible as a direct design reference.
AW-025,Vero New-York,award_site,catalog,awwwards.com,mixed award-site sample,marketing / editorial / portfolio / experimental,,,Breadth reference only; inspect the actual site before transferring any principle.,"An award listing is not evidence of product usability, accessibility or suitability for another task.",https://www.awwwards.com/websites/sites_of_the_day/,1,Awwwards Site of the Day listing,2026-09-02,listing title and award metadata only,Listing-only breadth sample; not eligible as a direct design reference.
AW-026,20 Years Inspired by People,award_site,catalog,awwwards.com,mixed award-site sample,marketing / editorial / portfolio / experimental,,,Breadth reference only; inspect the actual site before transferring any principle.,"An award listing is not evidence of product usability, accessibility or suitability for another task.",https://www.awwwards.com/websites/sites_of_the_day/,1,Awwwards Site of the Day listing,2026-09-02,listing title and award metadata only,Listing-only breadth sample; not eligible as a direct design reference.
AW-027,No Art,award_site,catalog,awwwards.com,mixed award-site sample,marketing / editorial / portfolio / experimental,,,Breadth reference only; inspect the actual site before transferring any principle.,"An award listing is not evidence of product usability, accessibility or suitability for another task.",https://www.awwwards.com/websites/sites_of_the_day/,1,Awwwards Site of the Day listing,2026-09-02,listing title and award metadata only,Listing-only breadth sample; not eligible as a direct design reference.
AW-028,Alethia,award_site,catalog,awwwards.com,mixed award-site sample,marketing / editorial / portfolio / experimental,,,Breadth reference only; inspect the actual site before transferring any principle.,"An award listing is not evidence of product usability, accessibility or suitability for another task.",https://www.awwwards.com/websites/sites_of_the_day/,1,Awwwards Site of the Day listing,2026-09-02,listing title and award metadata only,Listing-only breadth sample; not eligible as a direct design reference.
AW-029,Serotoninn,award_site,catalog,awwwards.com,mixed award-site sample,marketing / editorial / portfolio / experimental,,,Breadth reference only; inspect the actual site before transferring any principle.,"An award listing is not evidence of product usability, accessibility or suitability for another task.",https://www.awwwards.com/websites/sites_of_the_day/,1,Awwwards Site of the Day listing,2026-09-02,listing title and award metadata only,Listing-only breadth sample; not eligible as a direct design reference.
AW-030,Lacoste Ace Breaker,award_site,catalog,awwwards.com,mixed award-site sample,marketing / editorial / portfolio / experimental,,,Breadth reference only; inspect the actual site before transferring any principle.,"An award listing is not evidence of product usability, accessibility or suitability for another task.",https://www.awwwards.com/websites/sites_of_the_day/,1,Awwwards Site of the Day listing,2026-09-02,listing title and award metadata only,Listing-only breadth sample; not eligible as a direct design reference.
AW-031,Hearst Exhibit 2026,award_site,catalog,awwwards.com,mixed award-site sample,marketing / editorial / portfolio / experimental,,,Breadth reference only; inspect the actual site before transferring any principle.,"An award listing is not evidence of product usability, accessibility or suitability for another task.",https://www.awwwards.com/websites/sites_of_the_day/,1,Awwwards Site of the Day listing,2026-09-02,listing title and award metadata only,Listing-only breadth sample; not eligible as a direct design reference.
AW-032,Noomo Showcase,award_site,catalog,awwwards.com,mixed award-site sample,marketing / editorial / portfolio / experimental,,,Breadth reference only; inspect the actual site before transferring any principle.,"An award listing is not evidence of product usability, accessibility or suitability for another task.",https://www.awwwards.com/websites/sites_of_the_day/?page=2,2,Awwwards Site of the Day listing,2026-09-02,listing title and award metadata only,Listing-only breadth sample; not eligible as a direct design reference.
AW-033,2xA Studio,award_site,catalog,awwwards.com,mixed award-site sample,marketing / editorial / portfolio / experimental,,,Breadth reference only; inspect the actual site before transferring any principle.,"An award listing is not evidence of product usability, accessibility or suitability for another task.",https://www.awwwards.com/websites/sites_of_the_day/?page=2,2,Awwwards Site of the Day listing,2026-09-02,listing title and award metadata only,Listing-only breadth sample; not eligible as a direct design reference.
AW-034,CIAO ENERGY - LAUNCH WEBSITE,award_site,catalog,awwwards.com,mixed award-site sample,marketing / editorial / portfolio / experimental,,,Breadth reference only; inspect the actual site before transferring any principle.,"An award listing is not evidence of product usability, accessibility or suitability for another task.",https://www.awwwards.com/websites/sites_of_the_day/?page=2,2,Awwwards Site of the Day listing,2026-09-02,listing title and award metadata only,Listing-only breadth sample; not eligible as a direct design reference.
AW-035,Made With Gsap,award_site,catalog,awwwards.com,mixed award-site sample,marketing / editorial / portfolio / experimental,,,Breadth reference only; inspect the actual site before transferring any principle.,"An award listing is not evidence of product usability, accessibility or suitability for another task.",https://www.awwwards.com/websites/sites_of_the_day/?page=2,2,Awwwards Site of the Day listing,2026-09-02,listing title and award metadata only,Listing-only breadth sample; not eligible as a direct design reference.
AW-036,Obys® Experiment Space,award_site,catalog,awwwards.com,mixed award-site sample,marketing / editorial / portfolio / experimental,,,Breadth reference only; inspect the actual site before transferring any principle.,"An award listing is not evidence of product usability, accessibility or suitability for another task.",https://www.awwwards.com/websites/sites_of_the_day/?page=2,2,Awwwards Site of the Day listing,2026-09-02,listing title and award metadata only,Listing-only breadth sample; not eligible as a direct design reference.
AW-037,TRIONN,award_site,catalog,awwwards.com,mixed award-site sample,marketing / editorial / portfolio / experimental,,,Breadth reference only; inspect the actual site before transferring any principle.,"An award listing is not evidence of product usability, accessibility or suitability for another task.",https://www.awwwards.com/websites/sites_of_the_day/?page=2,2,Awwwards Site of the Day listing,2026-09-02,listing title and award metadata only,Listing-only breadth sample; not eligible as a direct design reference.
AW-038,Partizan,award_site,catalog,awwwards.com,mixed award-site sample,marketing / editorial / portfolio / experimental,,,Breadth reference only; inspect the actual site before transferring any principle.,"An award listing is not evidence of product usability, accessibility or suitability for another task.",https://www.awwwards.com/websites/sites_of_the_day/?page=2,2,Awwwards Site of the Day listing,2026-09-02,listing title and award metadata only,Listing-only breadth sample; not eligible as a direct design reference.
AW-039,Artem Shcherbakov,award_site,catalog,awwwards.com,mixed award-site sample,marketing / editorial / portfolio / experimental,,,Breadth reference only; inspect the actual site before transferring any principle.,"An award listing is not evidence of product usability, accessibility or suitability for another task.",https://www.awwwards.com/websites/sites_of_the_day/?page=2,2,Awwwards Site of the Day listing,2026-09-02,listing title and award metadata only,Listing-only breadth sample; not eligible as a direct design reference.
AW-040,Spotify Wrapped Party,award_site,catalog,awwwards.com,mixed award-site sample,marketing / editorial / portfolio / experimental,,,Breadth reference only; inspect the actual site before transferring any principle.,"An award listing is not evidence of product usability, accessibility or suitability for another task.",https://www.awwwards.com/websites/sites_of_the_day/?page=2,2,Awwwards Site of the Day listing,2026-09-02,listing title and award metadata only,Listing-only breadth sample; not eligible as a direct design reference.
AW-041,NORMAL IS BORING,award_site,catalog,awwwards.com,mixed award-site sample,marketing / editorial / portfolio / experimental,,,Breadth reference only; inspect the actual site before transferring any principle.,"An award listing is not evidence of product usability, accessibility or suitability for another task.",https://www.awwwards.com/websites/sites_of_the_day/?page=2,2,Awwwards Site of the Day listing,2026-09-02,listing title and award metadata only,Listing-only breadth sample; not eligible as a direct design reference.
AW-042,Dragonfly Redux,award_site,catalog,awwwards.com,mixed award-site sample,marketing / editorial / portfolio / experimental,,,Breadth reference only; inspect the actual site before transferring any principle.,"An award listing is not evidence of product usability, accessibility or suitability for another task.",https://www.awwwards.com/websites/sites_of_the_day/?page=2,2,Awwwards Site of the Day listing,2026-09-02,listing title and award metadata only,Listing-only breadth sample; not eligible as a direct design reference.
AW-043,Lacoste — Polo Factory,award_site,catalog,awwwards.com,mixed award-site sample,marketing / editorial / portfolio / experimental,,,Breadth reference only; inspect the actual site before transferring any principle.,"An award listing is not evidence of product usability, accessibility or suitability for another task.",https://www.awwwards.com/websites/sites_of_the_day/?page=2,2,Awwwards Site of the Day listing,2026-09-02,listing title and award metadata only,Listing-only breadth sample; not eligible as a direct design reference.
AW-044,Lama Lama,award_site,catalog,awwwards.com,mixed award-site sample,marketing / editorial / portfolio / experimental,,,Breadth reference only; inspect the actual site before transferring any principle.,"An award listing is not evidence of product usability, accessibility or suitability for another task.",https://www.awwwards.com/websites/sites_of_the_day/?page=2,2,Awwwards Site of the Day listing,2026-09-02,listing title and award metadata only,Listing-only breadth sample; not eligible as a direct design reference.
AW-045,Glitch&Grit,award_site,catalog,awwwards.com,mixed award-site sample,marketing / editorial / portfolio / experimental,,,Breadth reference only; inspect the actual site before transferring any principle.,"An award listing is not evidence of product usability, accessibility or suitability for another task.",https://www.awwwards.com/websites/sites_of_the_day/?page=2,2,Awwwards Site of the Day listing,2026-09-02,listing title and award metadata only,Listing-only breadth sample; not eligible as a direct design reference.
AW-046,IZANAMI,award_site,catalog,awwwards.com,mixed award-site sample,marketing / editorial / portfolio / experimental,,,Breadth reference only; inspect the actual site before transferring any principle.,"An award listing is not evidence of product usability, accessibility or suitability for another task.",https://www.awwwards.com/websites/sites_of_the_day/?page=2,2,Awwwards Site of the Day listing,2026-09-02,listing title and award metadata only,Listing-only breadth sample; not eligible as a direct design reference.
AW-047,Hiroto Sato,award_site,catalog,awwwards.com,mixed award-site sample,marketing / editorial / portfolio / experimental,,,Breadth reference only; inspect the actual site before transferring any principle.,"An award listing is not evidence of product usability, accessibility or suitability for another task.",https://www.awwwards.com/websites/sites_of_the_day/?page=2,2,Awwwards Site of the Day listing,2026-09-02,listing title and award metadata only,Listing-only breadth sample; not eligible as a direct design reference.
AW-048,CoffeeTech®,award_site,catalog,awwwards.com,mixed award-site sample,marketing / editorial / portfolio / experimental,,,Breadth reference only; inspect the actual site before transferring any principle.,"An award listing is not evidence of product usability, accessibility or suitability for another task.",https://www.awwwards.com/websites/sites_of_the_day/?page=2,2,Awwwards Site of the Day listing,2026-09-02,listing title and award metadata only,Listing-only breadth sample; not eligible as a direct design reference.
AW-049,RISK,award_site,catalog,awwwards.com,mixed award-site sample,marketing / editorial / portfolio / experimental,,,Breadth reference only; inspect the actual site before transferring any principle.,"An award listing is not evidence of product usability, accessibility or suitability for another task.",https://www.awwwards.com/websites/sites_of_the_day/?page=2,2,Awwwards Site of the Day listing,2026-09-02,listing title and award metadata only,Listing-only breadth sample; not eligible as a direct design reference.
AW-050,House of Honey,award_site,catalog,awwwards.com,mixed award-site sample,marketing / editorial / portfolio / experimental,,,Breadth reference only; inspect the actual site before transferring any principle.,"An award listing is not evidence of product usability, accessibility or suitability for another task.",https://www.awwwards.com/websites/sites_of_the_day/?page=2,2,Awwwards Site of the Day listing,2026-09-02,listing title and award metadata only,Listing-only breadth sample; not eligible as a direct design reference.
AW-051,PP Neue Montreal,award_site,catalog,awwwards.com,mixed award-site sample,marketing / editorial / portfolio / experimental,,,Breadth reference only; inspect the actual site before transferring any principle.,"An award listing is not evidence of product usability, accessibility or suitability for another task.",https://www.awwwards.com/websites/sites_of_the_day/?page=2,2,Awwwards Site of the Day listing,2026-09-02,listing title and award metadata only,Listing-only breadth sample; not eligible as a direct design reference.
AW-052,Longbow,award_site,catalog,awwwards.com,mixed award-site sample,marketing / editorial / portfolio / experimental,,,Breadth reference only; inspect the actual site before transferring any principle.,"An award listing is not evidence of product usability, accessibility or suitability for another task.",https://www.awwwards.com/websites/sites_of_the_day/?page=2,2,Awwwards Site of the Day listing,2026-09-02,listing title and award metadata only,Listing-only breadth sample; not eligible as a direct design reference.
AW-053,Vectr,award_site,catalog,awwwards.com,mixed award-site sample,marketing / editorial / portfolio / experimental,,,Breadth reference only; inspect the actual site before transferring any principle.,"An award listing is not evidence of product usability, accessibility or suitability for another task.",https://www.awwwards.com/websites/sites_of_the_day/?page=2,2,Awwwards Site of the Day listing,2026-09-02,listing title and award metadata only,Listing-only breadth sample; not eligible as a direct design reference.
AW-054,21 Hrs On The Moon,award_site,catalog,awwwards.com,mixed award-site sample,marketing / editorial / portfolio / experimental,,,Breadth reference only; inspect the actual site before transferring any principle.,"An award listing is not evidence of product usability, accessibility or suitability for another task.",https://www.awwwards.com/websites/sites_of_the_day/?page=2,2,Awwwards Site of the Day listing,2026-09-02,listing title and award metadata only,Listing-only breadth sample; not eligible as a direct design reference.
AW-055,Brunello Cucinelli - AI E-com,award_site,catalog,awwwards.com,mixed award-site sample,marketing / editorial / portfolio / experimental,,,Breadth reference only; inspect the actual site before transferring any principle.,"An award listing is not evidence of product usability, accessibility or suitability for another task.",https://www.awwwards.com/websites/sites_of_the_day/?page=2,2,Awwwards Site of the Day listing,2026-09-02,listing title and award metadata only,Listing-only breadth sample; not eligible as a direct design reference.
AW-056,Julien Calot,award_site,catalog,awwwards.com,mixed award-site sample,marketing / editorial / portfolio / experimental,,,Breadth reference only; inspect the actual site before transferring any principle.,"An award listing is not evidence of product usability, accessibility or suitability for another task.",https://www.awwwards.com/websites/sites_of_the_day/?page=2,2,Awwwards Site of the Day listing,2026-09-02,listing title and award metadata only,Listing-only breadth sample; not eligible as a direct design reference.
AW-057,Depo Luxe,award_site,catalog,awwwards.com,mixed award-site sample,marketing / editorial / portfolio / experimental,,,Breadth reference only; inspect the actual site before transferring any principle.,"An award listing is not evidence of product usability, accessibility or suitability for another task.",https://www.awwwards.com/websites/sites_of_the_day/?page=2,2,Awwwards Site of the Day listing,2026-09-02,listing title and award metadata only,Listing-only breadth sample; not eligible as a direct design reference.
AW-058,MONOLOG,award_site,catalog,awwwards.com,mixed award-site sample,marketing / editorial / portfolio / experimental,,,Breadth reference only; inspect the actual site before transferring any principle.,"An award listing is not evidence of product usability, accessibility or suitability for another task.",https://www.awwwards.com/websites/sites_of_the_day/?page=2,2,Awwwards Site of the Day listing,2026-09-02,listing title and award metadata only,Listing-only breadth sample; not eligible as a direct design reference.
AW-059,Wembi,award_site,catalog,awwwards.com,mixed award-site sample,marketing / editorial / portfolio / experimental,,,Breadth reference only; inspect the actual site before transferring any principle.,"An award listing is not evidence of product usability, accessibility or suitability for another task.",https://www.awwwards.com/websites/sites_of_the_day/?page=3,3,Awwwards Site of the Day listing,2026-09-02,listing title and award metadata only,Listing-only breadth sample; not eligible as a direct design reference.
AW-061,Meech213,award_site,catalog,awwwards.com,mixed award-site sample,marketing / editorial / portfolio / experimental,,,Breadth reference only; inspect the actual site before transferring any principle.,"An award listing is not evidence of product usability, accessibility or suitability for another task.",https://www.awwwards.com/websites/sites_of_the_day/?page=3,3,Awwwards Site of the Day listing,2026-09-02,listing title and award metadata only,Listing-only breadth sample; not eligible as a direct design reference.
AW-062,IVRESS SPIN A TALE,award_site,catalog,awwwards.com,mixed award-site sample,marketing / editorial / portfolio / experimental,,,Breadth reference only; inspect the actual site before transferring any principle.,"An award listing is not evidence of product usability, accessibility or suitability for another task.",https://www.awwwards.com/websites/sites_of_the_day/?page=3,3,Awwwards Site of the Day listing,2026-09-02,listing title and award metadata only,Listing-only breadth sample; not eligible as a direct design reference.
AW-063,Podium,award_site,catalog,awwwards.com,mixed award-site sample,marketing / editorial / portfolio / experimental,,,Breadth reference only; inspect the actual site before transferring any principle.,"An award listing is not evidence of product usability, accessibility or suitability for another task.",https://www.awwwards.com/websites/sites_of_the_day/?page=3,3,Awwwards Site of the Day listing,2026-09-02,listing title and award metadata only,Listing-only breadth sample; not eligible as a direct design reference.
AW-064,Ten Years Away,award_site,catalog,awwwards.com,mixed award-site sample,marketing / editorial / portfolio / experimental,,,Breadth reference only; inspect the actual site before transferring any principle.,"An award listing is not evidence of product usability, accessibility or suitability for another task.",https://www.awwwards.com/websites/sites_of_the_day/?page=3,3,Awwwards Site of the Day listing,2026-09-02,listing title and award metadata only,Listing-only breadth sample; not eligible as a direct design reference.
AW-065,IL CAPO PRODUCTION,award_site,catalog,awwwards.com,mixed award-site sample,marketing / editorial / portfolio / experimental,,,Breadth reference only; inspect the actual site before transferring any principle.,"An award listing is not evidence of product usability, accessibility or suitability for another task.",https://www.awwwards.com/websites/sites_of_the_day/?page=3,3,Awwwards Site of the Day listing,2026-09-02,listing title and award metadata only,Listing-only breadth sample; not eligible as a direct design reference.
AW-066,Wolverine Worldwide,award_site,catalog,awwwards.com,mixed award-site sample,marketing / editorial / portfolio / experimental,,,Breadth reference only; inspect the actual site before transferring any principle.,"An award listing is not evidence of product usability, accessibility or suitability for another task.",https://www.awwwards.com/websites/sites_of_the_day/?page=3,3,Awwwards Site of the Day listing,2026-09-02,listing title and award metadata only,Listing-only breadth sample; not eligible as a direct design reference.
AW-067,Sui,award_site,catalog,awwwards.com,mixed award-site sample,marketing / editorial / portfolio / experimental,,,Breadth reference only; inspect the actual site before transferring any principle.,"An award listing is not evidence of product usability, accessibility or suitability for another task.",https://www.awwwards.com/websites/sites_of_the_day/?page=3,3,Awwwards Site of the Day listing,2026-09-02,listing title and award metadata only,Listing-only breadth sample; not eligible as a direct design reference.
AW-068,EverSwap,award_site,catalog,awwwards.com,mixed award-site sample,marketing / editorial / portfolio / experimental,,,Breadth reference only; inspect the actual site before transferring any principle.,"An award listing is not evidence of product usability, accessibility or suitability for another task.",https://www.awwwards.com/websites/sites_of_the_day/?page=3,3,Awwwards Site of the Day listing,2026-09-02,listing title and award metadata only,Listing-only breadth sample; not eligible as a direct design reference.
AW-069,digitalists,award_site,catalog,awwwards.com,mixed award-site sample,marketing / editorial / portfolio / experimental,,,Breadth reference only; inspect the actual site before transferring any principle.,"An award listing is not evidence of product usability, accessibility or suitability for another task.",https://www.awwwards.com/websites/sites_of_the_day/?page=3,3,Awwwards Site of the Day listing,2026-09-02,listing title and award metadata only,Listing-only breadth sample; not eligible as a direct design reference.
AW-070,RPA COMUNICACIÓN,award_site,catalog,awwwards.com,mixed award-site sample,marketing / editorial / portfolio / experimental,,,Breadth reference only; inspect the actual site before transferring any principle.,"An award listing is not evidence of product usability, accessibility or suitability for another task.",https://www.awwwards.com/websites/sites_of_the_day/?page=3,3,Awwwards Site of the Day listing,2026-09-02,listing title and award metadata only,Listing-only breadth sample; not eligible as a direct design reference.
AW-071,Balmoral,award_site,catalog,awwwards.com,mixed award-site sample,marketing / editorial / portfolio / experimental,,,Breadth reference only; inspect the actual site before transferring any principle.,"An award listing is not evidence of product usability, accessibility or suitability for another task.",https://www.awwwards.com/websites/sites_of_the_day/?page=3,3,Awwwards Site of the Day listing,2026-09-02,listing title and award metadata only,Listing-only breadth sample; not eligible as a direct design reference.
AW-072,Indigo Laboratory,award_site,catalog,awwwards.com,mixed award-site sample,marketing / editorial / portfolio / experimental,,,Breadth reference only; inspect the actual site before transferring any principle.,"An award listing is not evidence of product usability, accessibility or suitability for another task.",https://www.awwwards.com/websites/sites_of_the_day/?page=3,3,Awwwards Site of the Day listing,2026-09-02,listing title and award metadata only,Listing-only breadth sample; not eligible as a direct design reference.
AW-073,Gucci: Mystery Unfolds,award_site,catalog,awwwards.com,mixed award-site sample,marketing / editorial / portfolio / experimental,,,Breadth reference only; inspect the actual site before transferring any principle.,"An award listing is not evidence of product usability, accessibility or suitability for another task.",https://www.awwwards.com/websites/sites_of_the_day/?page=3,3,Awwwards Site of the Day listing,2026-09-02,listing title and award metadata only,Listing-only breadth sample; not eligible as a direct design reference.
AW-075,Elva,award_site,catalog,awwwards.com,mixed award-site sample,marketing / editorial / portfolio / experimental,,,Breadth reference only; inspect the actual site before transferring any principle.,"An award listing is not evidence of product usability, accessibility or suitability for another task.",https://www.awwwards.com/websites/sites_of_the_day/?page=3,3,Awwwards Site of the Day listing,2026-09-02,listing title and award metadata only,Listing-only breadth sample; not eligible as a direct design reference.
AW-076,sakazuki,award_site,catalog,awwwards.com,mixed award-site sample,marketing / editorial / portfolio / experimental,,,Breadth reference only; inspect the actual site before transferring any principle.,"An award listing is not evidence of product usability, accessibility or suitability for another task.",https://www.awwwards.com/websites/sites_of_the_day/?page=3,3,Awwwards Site of the Day listing,2026-09-02,listing title and award metadata only,Listing-only breadth sample; not eligible as a direct design reference.
AW-077,Crav Burgers,award_site,catalog,awwwards.com,mixed award-site sample,marketing / editorial / portfolio / experimental,,,Breadth reference only; inspect the actual site before transferring any principle.,"An award listing is not evidence of product usability, accessibility or suitability for another task.",https://www.awwwards.com/websites/sites_of_the_day/?page=3,3,Awwwards Site of the Day listing,2026-09-02,listing title and award metadata only,Listing-only breadth sample; not eligible as a direct design reference.
AW-078,Tresmares Capital,award_site,catalog,awwwards.com,mixed award-site sample,marketing / editorial / portfolio / experimental,,,Breadth reference only; inspect the actual site before transferring any principle.,"An award listing is not evidence of product usability, accessibility or suitability for another task.",https://www.awwwards.com/websites/sites_of_the_day/?page=3,3,Awwwards Site of the Day listing,2026-09-02,listing title and award metadata only,Listing-only breadth sample; not eligible as a direct design reference.
AW-080,Hubtown,award_site,catalog,awwwards.com,mixed award-site sample,marketing / editorial / portfolio / experimental,,,Breadth reference only; inspect the actual site before transferring any principle.,"An award listing is not evidence of product usability, accessibility or suitability for another task.",https://www.awwwards.com/websites/sites_of_the_day/?page=3,3,Awwwards Site of the Day listing,2026-09-02,listing title and award metadata only,Listing-only breadth sample; not eligible as a direct design reference.
AW-081,Pacôme Pertant Portfolio,award_site,catalog,awwwards.com,mixed award-site sample,marketing / editorial / portfolio / experimental,,,Breadth reference only; inspect the actual site before transferring any principle.,"An award listing is not evidence of product usability, accessibility or suitability for another task.",https://www.awwwards.com/websites/sites_of_the_day/?page=3,3,Awwwards Site of the Day listing,2026-09-02,listing title and award metadata only,Listing-only breadth sample; not eligible as a direct design reference.
AW-082,The Power of Storytelling,award_site,catalog,awwwards.com,mixed award-site sample,marketing / editorial / portfolio / experimental,,,Breadth reference only; inspect the actual site before transferring any principle.,"An award listing is not evidence of product usability, accessibility or suitability for another task.",https://www.awwwards.com/websites/sites_of_the_day/?page=3,3,Awwwards Site of the Day listing,2026-09-02,listing title and award metadata only,Listing-only breadth sample; not eligible as a direct design reference.
AW-083,SOHub,award_site,catalog,awwwards.com,mixed award-site sample,marketing / editorial / portfolio / experimental,,,Breadth reference only; inspect the actual site before transferring any principle.,"An award listing is not evidence of product usability, accessibility or suitability for another task.",https://www.awwwards.com/websites/sites_of_the_day/?page=3,3,Awwwards Site of the Day listing,2026-09-02,listing title and award metadata only,Listing-only breadth sample; not eligible as a direct design reference.
AW-084,Apechain,award_site,catalog,awwwards.com,mixed award-site sample,marketing / editorial / portfolio / experimental,,,Breadth reference only; inspect the actual site before transferring any principle.,"An award listing is not evidence of product usability, accessibility or suitability for another task.",https://www.awwwards.com/websites/sites_of_the_day/?page=3,3,Awwwards Site of the Day listing,2026-09-02,listing title and award metadata only,Listing-only breadth sample; not eligible as a direct design reference.
AW-085,Son Daven,award_site,catalog,awwwards.com,mixed award-site sample,marketing / editorial / portfolio / experimental,,,Breadth reference only; inspect the actual site before transferring any principle.,"An award listing is not evidence of product usability, accessibility or suitability for another task.",https://www.awwwards.com/websites/sites_of_the_day/?page=3,3,Awwwards Site of the Day listing,2026-09-02,listing title and award metadata only,Listing-only breadth sample; not eligible as a direct design reference.
AW-086,Steven.com,award_site,catalog,awwwards.com,mixed award-site sample,marketing / editorial / portfolio / experimental,,,Breadth reference only; inspect the actual site before transferring any principle.,"An award listing is not evidence of product usability, accessibility or suitability for another task.",https://www.awwwards.com/websites/sites_of_the_day/?page=3,3,Awwwards Site of the Day listing,2026-09-02,listing title and award metadata only,Listing-only breadth sample; not eligible as a direct design reference.
AW-087,Truck’N Roll®,award_site,catalog,awwwards.com,mixed award-site sample,marketing / editorial / portfolio / experimental,,,Breadth reference only; inspect the actual site before transferring any principle.,"An award listing is not evidence of product usability, accessibility or suitability for another task.",https://www.awwwards.com/websites/sites_of_the_day/?page=3,3,Awwwards Site of the Day listing,2026-09-02,listing title and award metadata only,Listing-only breadth sample; not eligible as a direct design reference.
AW-088,Vaulk,award_site,catalog,awwwards.com,mixed award-site sample,marketing / editorial / portfolio / experimental,,,Breadth reference only; inspect the actual site before transferring any principle.,"An award listing is not evidence of product usability, accessibility or suitability for another task.",https://www.awwwards.com/websites/sites_of_the_day/?page=4,4,Awwwards Site of the Day listing,2026-09-02,listing title and award metadata only,Listing-only breadth sample; not eligible as a direct design reference.
AW-089,ZettaJoule,award_site,catalog,awwwards.com,mixed award-site sample,marketing / editorial / portfolio / experimental,,,Breadth reference only; inspect the actual site before transferring any principle.,"An award listing is not evidence of product usability, accessibility or suitability for another task.",https://www.awwwards.com/websites/sites_of_the_day/?page=4,4,Awwwards Site of the Day listing,2026-09-02,listing title and award metadata only,Listing-only breadth sample; not eligible as a direct design reference.
AW-090,Sowieso Wero,award_site,catalog,awwwards.com,mixed award-site sample,marketing / editorial / portfolio / experimental,,,Breadth reference only; inspect the actual site before transferring any principle.,"An award listing is not evidence of product usability, accessibility or suitability for another task.",https://www.awwwards.com/websites/sites_of_the_day/?page=4,4,Awwwards Site of the Day listing,2026-09-02,listing title and award metadata only,Listing-only breadth sample; not eligible as a direct design reference.
AW-091,Cdiscount - Jumping Max,award_site,catalog,awwwards.com,mixed award-site sample,marketing / editorial / portfolio / experimental,,,Breadth reference only; inspect the actual site before transferring any principle.,"An award listing is not evidence of product usability, accessibility or suitability for another task.",https://www.awwwards.com/websites/sites_of_the_day/?page=4,4,Awwwards Site of the Day listing,2026-09-02,listing title and award metadata only,Listing-only breadth sample; not eligible as a direct design reference.
AW-092,AIR,award_site,catalog,awwwards.com,mixed award-site sample,marketing / editorial / portfolio / experimental,,,Breadth reference only; inspect the actual site before transferring any principle.,"An award listing is not evidence of product usability, accessibility or suitability for another task.",https://www.awwwards.com/websites/sites_of_the_day/?page=4,4,Awwwards Site of the Day listing,2026-09-02,listing title and award metadata only,Listing-only breadth sample; not eligible as a direct design reference.
AW-095,Aimee's Papercraft World,award_site,catalog,awwwards.com,mixed award-site sample,marketing / editorial / portfolio / experimental,,,Breadth reference only; inspect the actual site before transferring any principle.,"An award listing is not evidence of product usability, accessibility or suitability for another task.",https://www.awwwards.com/websites/sites_of_the_day/?page=4,4,Awwwards Site of the Day listing,2026-09-02,listing title and award metadata only,Listing-only breadth sample; not eligible as a direct design reference.
AW-097,Sidewave,award_site,catalog,awwwards.com,mixed award-site sample,marketing / editorial / portfolio / experimental,,,Breadth reference only; inspect the actual site before transferring any principle.,"An award listing is not evidence of product usability, accessibility or suitability for another task.",https://www.awwwards.com/websites/sites_of_the_day/?page=4,4,Awwwards Site of the Day listing,2026-09-02,listing title and award metadata only,Listing-only breadth sample; not eligible as a direct design reference.
AW-098,La Revoltosa,award_site,catalog,awwwards.com,mixed award-site sample,marketing / editorial / portfolio / experimental,,,Breadth reference only; inspect the actual site before transferring any principle.,"An award listing is not evidence of product usability, accessibility or suitability for another task.",https://www.awwwards.com/websites/sites_of_the_day/?page=4,4,Awwwards Site of the Day listing,2026-09-02,listing title and award metadata only,Listing-only breadth sample; not eligible as a direct design reference.
AW-099,aino.agency,award_site,catalog,awwwards.com,mixed award-site sample,marketing / editorial / portfolio / experimental,,,Breadth reference only; inspect the actual site before transferring any principle.,"An award listing is not evidence of product usability, accessibility or suitability for another task.",https://www.awwwards.com/websites/sites_of_the_day/?page=4,4,Awwwards Site of the Day listing,2026-09-02,listing title and award metadata only,Listing-only breadth sample; not eligible as a direct design reference.
AW-100,Thorgal,award_site,catalog,awwwards.com,mixed award-site sample,marketing / editorial / portfolio / experimental,,,Breadth reference only; inspect the actual site before transferring any principle.,"An award listing is not evidence of product usability, accessibility or suitability for another task.",https://www.awwwards.com/websites/sites_of_the_day/?page=4,4,Awwwards Site of the Day listing,2026-09-02,listing title and award metadata only,Listing-only breadth sample; not eligible as a direct design reference.
AW-101,Capitolium,award_site,catalog,awwwards.com,mixed award-site sample,marketing / editorial / portfolio / experimental,,,Breadth reference only; inspect the actual site before transferring any principle.,"An award listing is not evidence of product usability, accessibility or suitability for another task.",https://www.awwwards.com/websites/sites_of_the_day/?page=4,4,Awwwards Site of the Day listing,2026-09-02,listing title and award metadata only,Listing-only breadth sample; not eligible as a direct design reference.
AW-102,KVS Studio,award_site,catalog,awwwards.com,mixed award-site sample,marketing / editorial / portfolio / experimental,,,Breadth reference only; inspect the actual site before transferring any principle.,"An award listing is not evidence of product usability, accessibility or suitability for another task.",https://www.awwwards.com/websites/sites_of_the_day/?page=4,4,Awwwards Site of the Day listing,2026-09-02,listing title and award metadata only,Listing-only breadth sample; not eligible as a direct design reference.
AW-103,Enerblock,award_site,catalog,awwwards.com,mixed award-site sample,marketing / editorial / portfolio / experimental,,,Breadth reference only; inspect the actual site before transferring any principle.,"An award listing is not evidence of product usability, accessibility or suitability for another task.",https://www.awwwards.com/websites/sites_of_the_day/?page=4,4,Awwwards Site of the Day listing,2026-09-02,listing title and award metadata only,Listing-only breadth sample; not eligible as a direct design reference.
AW-104,Juan Mora,award_site,catalog,awwwards.com,mixed award-site sample,marketing / editorial / portfolio / experimental,,,Breadth reference only; inspect the actual site before transferring any principle.,"An award listing is not evidence of product usability, accessibility or suitability for another task.",https://www.awwwards.com/websites/sites_of_the_day/?page=4,4,Awwwards Site of the Day listing,2026-09-02,listing title and award metadata only,Listing-only breadth sample; not eligible as a direct design reference.
AW-105,fromanother.love,award_site,catalog,awwwards.com,mixed award-site sample,marketing / editorial / portfolio / experimental,,,Breadth reference only; inspect the actual site before transferring any principle.,"An award listing is not evidence of product usability, accessibility or suitability for another task.",https://www.awwwards.com/websites/sites_of_the_day/?page=4,4,Awwwards Site of the Day listing,2026-09-02,listing title and award metadata only,Listing-only breadth sample; not eligible as a direct design reference.
AW-106,Floema,award_site,catalog,awwwards.com,mixed award-site sample,marketing / editorial / portfolio / experimental,,,Breadth reference only; inspect the actual site before transferring any principle.,"An award listing is not evidence of product usability, accessibility or suitability for another task.",https://www.awwwards.com/websites/sites_of_the_day/?page=4,4,Awwwards Site of the Day listing,2026-09-02,listing title and award metadata only,Listing-only breadth sample; not eligible as a direct design reference.
AW-107,Happly,award_site,catalog,awwwards.com,mixed award-site sample,marketing / editorial / portfolio / experimental,,,Breadth reference only; inspect the actual site before transferring any principle.,"An award listing is not evidence of product usability, accessibility or suitability for another task.",https://www.awwwards.com/websites/sites_of_the_day/?page=4,4,Awwwards Site of the Day listing,2026-09-02,listing title and award metadata only,Listing-only breadth sample; not eligible as a direct design reference.
AW-108,Outfit,award_site,catalog,awwwards.com,mixed award-site sample,marketing / editorial / portfolio / experimental,,,Breadth reference only; inspect the actual site before transferring any principle.,"An award listing is not evidence of product usability, accessibility or suitability for another task.",https://www.awwwards.com/websites/sites_of_the_day/?page=4,4,Awwwards Site of the Day listing,2026-09-02,listing title and award metadata only,Listing-only breadth sample; not eligible as a direct design reference.
AW-109,XOX,award_site,catalog,awwwards.com,mixed award-site sample,marketing / editorial / portfolio / experimental,,,Breadth reference only; inspect the actual site before transferring any principle.,"An award listing is not evidence of product usability, accessibility or suitability for another task.",https://www.awwwards.com/websites/sites_of_the_day/?page=4,4,Awwwards Site of the Day listing,2026-09-02,listing title and award metadata only,Listing-only breadth sample; not eligible as a direct design reference.
AW-110,Simonholm.studio,award_site,catalog,awwwards.com,mixed award-site sample,marketing / editorial / portfolio / experimental,,,Breadth reference only; inspect the actual site before transferring any principle.,"An award listing is not evidence of product usability, accessibility or suitability for another task.",https://www.awwwards.com/websites/sites_of_the_day/?page=4,4,Awwwards Site of the Day listing,2026-09-02,listing title and award metadata only,Listing-only breadth sample; not eligible as a direct design reference.
AW-111,Studio Namma,award_site,catalog,awwwards.com,mixed award-site sample,marketing / editorial / portfolio / experimental,,,Breadth reference only; inspect the actual site before transferring any principle.,"An award listing is not evidence of product usability, accessibility or suitability for another task.",https://www.awwwards.com/websites/sites_of_the_day/?page=4,4,Awwwards Site of the Day listing,2026-09-02,listing title and award metadata only,Listing-only breadth sample; not eligible as a direct design reference.
AW-112,Marvell Tile & Stone,award_site,catalog,awwwards.com,mixed award-site sample,marketing / editorial / portfolio / experimental,,,Breadth reference only; inspect the actual site before transferring any principle.,"An award listing is not evidence of product usability, accessibility or suitability for another task.",https://www.awwwards.com/websites/sites_of_the_day/?page=4,4,Awwwards Site of the Day listing,2026-09-02,listing title and award metadata only,Listing-only breadth sample; not eligible as a direct design reference.
AW-113,ASTRODITHER,award_site,catalog,awwwards.com,mixed award-site sample,marketing / editorial / portfolio / experimental,,,Breadth reference only; inspect the actual site before transferring any principle.,"An award listing is not evidence of product usability, accessibility or suitability for another task.",https://www.awwwards.com/websites/sites_of_the_day/?page=4,4,Awwwards Site of the Day listing,2026-09-02,listing title and award metadata only,Listing-only breadth sample; not eligible as a direct design reference.
AW-114,Obys,award_site,catalog,awwwards.com,mixed award-site sample,marketing / editorial / portfolio / experimental,,,Breadth reference only; inspect the actual site before transferring any principle.,"An award listing is not evidence of product usability, accessibility or suitability for another task.",https://www.awwwards.com/websites/sites_of_the_day/?page=4,4,Awwwards Site of the Day listing,2026-09-02,listing title and award metadata only,Listing-only breadth sample; not eligible as a direct design reference.
AW-115,Where Worlds Take Shape,award_site,catalog,awwwards.com,mixed award-site sample,marketing / editorial / portfolio / experimental,,,Breadth reference only; inspect the actual site before transferring any principle.,"An award listing is not evidence of product usability, accessibility or suitability for another task.",https://www.awwwards.com/websites/sites_of_the_day/?page=4,4,Awwwards Site of the Day listing,2026-09-02,listing title and award metadata only,Listing-only breadth sample; not eligible as a direct design reference.
AW-116,Fourmula AI,award_site,catalog,awwwards.com,mixed award-site sample,marketing / editorial / portfolio / experimental,,,Breadth reference only; inspect the actual site before transferring any principle.,"An award listing is not evidence of product usability, accessibility or suitability for another task.",https://www.awwwards.com/websites/sites_of_the_day/?page=4,4,Awwwards Site of the Day listing,2026-09-02,listing title and award metadata only,Listing-only breadth sample; not eligible as a direct design reference.
AW-117,Adcker,award_site,catalog,awwwards.com,mixed award-site sample,marketing / editorial / portfolio / experimental,,,Breadth reference only; inspect the actual site before transferring any principle.,"An award listing is not evidence of product usability, accessibility or suitability for another task.",https://www.awwwards.com/websites/sites_of_the_day/?page=4,4,Awwwards Site of the Day listing,2026-09-02,listing title and award metadata only,Listing-only breadth sample; not eligible as a direct design reference.
AW-118,PieterKoopt®,award_site,catalog,awwwards.com,mixed award-site sample,marketing / editorial / portfolio / experimental,,,Breadth reference only; inspect the actual site before transferring any principle.,"An award listing is not evidence of product usability, accessibility or suitability for another task.",https://www.awwwards.com/websites/sites_of_the_day/?page=5,5,Awwwards Site of the Day listing,2026-09-02,listing title and award metadata only,Listing-only breadth sample; not eligible as a direct design reference.
AW-119,Silent House,award_site,catalog,awwwards.com,mixed award-site sample,marketing / editorial / portfolio / experimental,,,Breadth reference only; inspect the actual site before transferring any principle.,"An award listing is not evidence of product usability, accessibility or suitability for another task.",https://www.awwwards.com/websites/sites_of_the_day/?page=5,5,Awwwards Site of the Day listing,2026-09-02,listing title and award metadata only,Listing-only breadth sample; not eligible as a direct design reference.
AW-120,Detroit Paris,award_site,catalog,awwwards.com,mixed award-site sample,marketing / editorial / portfolio / experimental,,,Breadth reference only; inspect the actual site before transferring any principle.,"An award listing is not evidence of product usability, accessibility or suitability for another task.",https://www.awwwards.com/websites/sites_of_the_day/?page=5,5,Awwwards Site of the Day listing,2026-09-02,listing title and award metadata only,Listing-only breadth sample; not eligible as a direct design reference.
AW-121,Wild Week - Athens,award_site,catalog,awwwards.com,mixed award-site sample,marketing / editorial / portfolio / experimental,,,Breadth reference only; inspect the actual site before transferring any principle.,"An award listing is not evidence of product usability, accessibility or suitability for another task.",https://www.awwwards.com/websites/sites_of_the_day/?page=5,5,Awwwards Site of the Day listing,2026-09-02,listing title and award metadata only,Listing-only breadth sample; not eligible as a direct design reference.
AW-122,Don Molinico,award_site,catalog,awwwards.com,mixed award-site sample,marketing / editorial / portfolio / experimental,,,Breadth reference only; inspect the actual site before transferring any principle.,"An award listing is not evidence of product usability, accessibility or suitability for another task.",https://www.awwwards.com/websites/sites_of_the_day/?page=5,5,Awwwards Site of the Day listing,2026-09-02,listing title and award metadata only,Listing-only breadth sample; not eligible as a direct design reference.
AW-123,Ashley Brooke,award_site,catalog,awwwards.com,mixed award-site sample,marketing / editorial / portfolio / experimental,,,Breadth reference only; inspect the actual site before transferring any principle.,"An award listing is not evidence of product usability, accessibility or suitability for another task.",https://www.awwwards.com/websites/sites_of_the_day/?page=5,5,Awwwards Site of the Day listing,2026-09-02,listing title and award metadata only,Listing-only breadth sample; not eligible as a direct design reference.
AW-124,Off Menu,award_site,catalog,awwwards.com,mixed award-site sample,marketing / editorial / portfolio / experimental,,,Breadth reference only; inspect the actual site before transferring any principle.,"An award listing is not evidence of product usability, accessibility or suitability for another task.",https://www.awwwards.com/websites/sites_of_the_day/?page=5,5,Awwwards Site of the Day listing,2026-09-02,listing title and award metadata only,Listing-only breadth sample; not eligible as a direct design reference.
AW-125,Jasmine Gunarto,award_site,catalog,awwwards.com,mixed award-site sample,marketing / editorial / portfolio / experimental,,,Breadth reference only; inspect the actual site before transferring any principle.,"An award listing is not evidence of product usability, accessibility or suitability for another task.",https://www.awwwards.com/websites/sites_of_the_day/?page=5,5,Awwwards Site of the Day listing,2026-09-02,listing title and award metadata only,Listing-only breadth sample; not eligible as a direct design reference.
AW-126,Ruinart - Digital fresco,award_site,catalog,awwwards.com,mixed award-site sample,marketing / editorial / portfolio / experimental,,,Breadth reference only; inspect the actual site before transferring any principle.,"An award listing is not evidence of product usability, accessibility or suitability for another task.",https://www.awwwards.com/websites/sites_of_the_day/?page=5,5,Awwwards Site of the Day listing,2026-09-02,listing title and award metadata only,Listing-only breadth sample; not eligible as a direct design reference.
AW-127,Shader Development Studio,award_site,catalog,awwwards.com,mixed award-site sample,marketing / editorial / portfolio / experimental,,,Breadth reference only; inspect the actual site before transferring any principle.,"An award listing is not evidence of product usability, accessibility or suitability for another task.",https://www.awwwards.com/websites/sites_of_the_day/?page=5,5,Awwwards Site of the Day listing,2026-09-02,listing title and award metadata only,Listing-only breadth sample; not eligible as a direct design reference.
AW-128,The Agency of Love & Logic,award_site,catalog,awwwards.com,mixed award-site sample,marketing / editorial / portfolio / experimental,,,Breadth reference only; inspect the actual site before transferring any principle.,"An award listing is not evidence of product usability, accessibility or suitability for another task.",https://www.awwwards.com/websites/sites_of_the_day/?page=5,5,Awwwards Site of the Day listing,2026-09-02,listing title and award metadata only,Listing-only breadth sample; not eligible as a direct design reference.
AW-129,Evolve,award_site,catalog,awwwards.com,mixed award-site sample,marketing / editorial / portfolio / experimental,,,Breadth reference only; inspect the actual site before transferring any principle.,"An award listing is not evidence of product usability, accessibility or suitability for another task.",https://www.awwwards.com/websites/sites_of_the_day/?page=5,5,Awwwards Site of the Day listing,2026-09-02,listing title and award metadata only,Listing-only breadth sample; not eligible as a direct design reference.
AW-130,Studio X,award_site,catalog,awwwards.com,mixed award-site sample,marketing / editorial / portfolio / experimental,,,Breadth reference only; inspect the actual site before transferring any principle.,"An award listing is not evidence of product usability, accessibility or suitability for another task.",https://www.awwwards.com/websites/sites_of_the_day/?page=5,5,Awwwards Site of the Day listing,2026-09-02,listing title and award metadata only,Listing-only breadth sample; not eligible as a direct design reference.
AW-131,Max Mara - Jacket Circle,award_site,catalog,awwwards.com,mixed award-site sample,marketing / editorial / portfolio / experimental,,,Breadth reference only; inspect the actual site before transferring any principle.,"An award listing is not evidence of product usability, accessibility or suitability for another task.",https://www.awwwards.com/websites/sites_of_the_day/?page=5,5,Awwwards Site of the Day listing,2026-09-02,listing title and award metadata only,Listing-only breadth sample; not eligible as a direct design reference.
AW-132,Ravi Klaassens,award_site,catalog,awwwards.com,mixed award-site sample,marketing / editorial / portfolio / experimental,,,Breadth reference only; inspect the actual site before transferring any principle.,"An award listing is not evidence of product usability, accessibility or suitability for another task.",https://www.awwwards.com/websites/sites_of_the_day/?page=5,5,Awwwards Site of the Day listing,2026-09-02,listing title and award metadata only,Listing-only breadth sample; not eligible as a direct design reference.
AW-133,The Obsidian Assembly,award_site,catalog,awwwards.com,mixed award-site sample,marketing / editorial / portfolio / experimental,,,Breadth reference only; inspect the actual site before transferring any principle.,"An award listing is not evidence of product usability, accessibility or suitability for another task.",https://www.awwwards.com/websites/sites_of_the_day/?page=5,5,Awwwards Site of the Day listing,2026-09-02,listing title and award metadata only,Listing-only breadth sample; not eligible as a direct design reference.
AW-134,Oryzo AI,award_site,catalog,awwwards.com,mixed award-site sample,marketing / editorial / portfolio / experimental,,,Breadth reference only; inspect the actual site before transferring any principle.,"An award listing is not evidence of product usability, accessibility or suitability for another task.",https://www.awwwards.com/websites/sites_of_the_day/?page=5,5,Awwwards Site of the Day listing,2026-09-02,listing title and award metadata only,Listing-only breadth sample; not eligible as a direct design reference.
AW-135,NaughtyDuk©,award_site,catalog,awwwards.com,mixed award-site sample,marketing / editorial / portfolio / experimental,,,Breadth reference only; inspect the actual site before transferring any principle.,"An award listing is not evidence of product usability, accessibility or suitability for another task.",https://www.awwwards.com/websites/sites_of_the_day/?page=5,5,Awwwards Site of the Day listing,2026-09-02,listing title and award metadata only,Listing-only breadth sample; not eligible as a direct design reference.
AW-136,Odd Ritual,award_site,catalog,awwwards.com,mixed award-site sample,marketing / editorial / portfolio / experimental,,,Breadth reference only; inspect the actual site before transferring any principle.,"An award listing is not evidence of product usability, accessibility or suitability for another task.",https://www.awwwards.com/websites/sites_of_the_day/?page=5,5,Awwwards Site of the Day listing,2026-09-02,listing title and award metadata only,Listing-only breadth sample; not eligible as a direct design reference.
AW-137,MERSI,award_site,catalog,awwwards.com,mixed award-site sample,marketing / editorial / portfolio / experimental,,,Breadth reference only; inspect the actual site before transferring any principle.,"An award listing is not evidence of product usability, accessibility or suitability for another task.",https://www.awwwards.com/websites/sites_of_the_day/?page=5,5,Awwwards Site of the Day listing,2026-09-02,listing title and award metadata only,Listing-only breadth sample; not eligible as a direct design reference.
AW-138,ICOMAT,award_site,catalog,awwwards.com,mixed award-site sample,marketing / editorial / portfolio / experimental,,,Breadth reference only; inspect the actual site before transferring any principle.,"An award listing is not evidence of product usability, accessibility or suitability for another task.",https://www.awwwards.com/websites/sites_of_the_day/?page=5,5,Awwwards Site of the Day listing,2026-09-02,listing title and award metadata only,Listing-only breadth sample; not eligible as a direct design reference.
AW-139,Nine To Five,award_site,catalog,awwwards.com,mixed award-site sample,marketing / editorial / portfolio / experimental,,,Breadth reference only; inspect the actual site before transferring any principle.,"An award listing is not evidence of product usability, accessibility or suitability for another task.",https://www.awwwards.com/websites/sites_of_the_day/?page=5,5,Awwwards Site of the Day listing,2026-09-02,listing title and award metadata only,Listing-only breadth sample; not eligible as a direct design reference.
AW-140,Maxima Therapy,award_site,catalog,awwwards.com,mixed award-site sample,marketing / editorial / portfolio / experimental,,,Breadth reference only; inspect the actual site before transferring any principle.,"An award listing is not evidence of product usability, accessibility or suitability for another task.",https://www.awwwards.com/websites/sites_of_the_day/?page=5,5,Awwwards Site of the Day listing,2026-09-02,listing title and award metadata only,Listing-only breadth sample; not eligible as a direct design reference.
AW-141,Champions For Good,award_site,catalog,awwwards.com,mixed award-site sample,marketing / editorial / portfolio / experimental,,,Breadth reference only; inspect the actual site before transferring any principle.,"An award listing is not evidence of product usability, accessibility or suitability for another task.",https://www.awwwards.com/websites/sites_of_the_day/?page=5,5,Awwwards Site of the Day listing,2026-09-02,listing title and award metadata only,Listing-only breadth sample; not eligible as a direct design reference.
AW-142,Artem Shcherban Portfolio,award_site,catalog,awwwards.com,mixed award-site sample,marketing / editorial / portfolio / experimental,,,Breadth reference only; inspect the actual site before transferring any principle.,"An award listing is not evidence of product usability, accessibility or suitability for another task.",https://www.awwwards.com/websites/sites_of_the_day/?page=5,5,Awwwards Site of the Day listing,2026-09-02,listing title and award metadata only,Listing-only breadth sample; not eligible as a direct design reference.
AW-143,SŌM,award_site,catalog,awwwards.com,mixed award-site sample,marketing / editorial / portfolio / experimental,,,Breadth reference only; inspect the actual site before transferring any principle.,"An award listing is not evidence of product usability, accessibility or suitability for another task.",https://www.awwwards.com/websites/sites_of_the_day/?page=5,5,Awwwards Site of the Day listing,2026-09-02,listing title and award metadata only,Listing-only breadth sample; not eligible as a direct design reference.
AW-144,Artefakt,award_site,catalog,awwwards.com,mixed award-site sample,marketing / editorial / portfolio / experimental,,,Breadth reference only; inspect the actual site before transferring any principle.,"An award listing is not evidence of product usability, accessibility or suitability for another task.",https://www.awwwards.com/websites/sites_of_the_day/?page=5,5,Awwwards Site of the Day listing,2026-09-02,listing title and award metadata only,Listing-only breadth sample; not eligible as a direct design reference.
AW-145,iyO,award_site,catalog,awwwards.com,mixed award-site sample,marketing / editorial / portfolio / experimental,,,Breadth reference only; inspect the actual site before transferring any principle.,"An award listing is not evidence of product usability, accessibility or suitability for another task.",https://www.awwwards.com/websites/sites_of_the_day/?page=5,5,Awwwards Site of the Day listing,2026-09-02,listing title and award metadata only,Listing-only breadth sample; not eligible as a direct design reference.
AW-146,Vast,award_site,catalog,awwwards.com,mixed award-site sample,marketing / editorial / portfolio / experimental,,,Breadth reference only; inspect the actual site before transferring any principle.,"An award listing is not evidence of product usability, accessibility or suitability for another task.",https://www.awwwards.com/websites/sites_of_the_day/?page=5,5,Awwwards Site of the Day listing,2026-09-02,listing title and award metadata only,Listing-only breadth sample; not eligible as a direct design reference.
AW-147,San Rita,award_site,catalog,awwwards.com,mixed award-site sample,marketing / editorial / portfolio / experimental,,,Breadth reference only; inspect the actual site before transferring any principle.,"An award listing is not evidence of product usability, accessibility or suitability for another task.",https://www.awwwards.com/websites/sites_of_the_day/?page=5,5,Awwwards Site of the Day listing,2026-09-02,listing title and award metadata only,Listing-only breadth sample; not eligible as a direct design reference.
AW-148,1820 Productions,award_site,catalog,awwwards.com,mixed award-site sample,marketing / editorial / portfolio / experimental,,,Breadth reference only; inspect the actual site before transferring any principle.,"An award listing is not evidence of product usability, accessibility or suitability for another task.",https://www.awwwards.com/websites/sites_of_the_day/?page=7,7,Awwwards Site of the Day listing,2026-09-02,listing title and award metadata only,Listing-only breadth sample; not eligible as a direct design reference.
AW-149,Studio Dado,award_site,catalog,awwwards.com,mixed award-site sample,marketing / editorial / portfolio / experimental,,,Breadth reference only; inspect the actual site before transferring any principle.,"An award listing is not evidence of product usability, accessibility or suitability for another task.",https://www.awwwards.com/websites/sites_of_the_day/?page=7,7,Awwwards Site of the Day listing,2026-09-02,listing title and award metadata only,Listing-only breadth sample; not eligible as a direct design reference.
AW-150,Dulcedo,award_site,catalog,awwwards.com,mixed award-site sample,marketing / editorial / portfolio / experimental,,,Breadth reference only; inspect the actual site before transferring any principle.,"An award listing is not evidence of product usability, accessibility or suitability for another task.",https://www.awwwards.com/websites/sites_of_the_day/?page=7,7,Awwwards Site of the Day listing,2026-09-02,listing title and award metadata only,Listing-only breadth sample; not eligible as a direct design reference.
AW-151,OceanX 2025,award_site,catalog,awwwards.com,mixed award-site sample,marketing / editorial / portfolio / experimental,,,Breadth reference only; inspect the actual site before transferring any principle.,"An award listing is not evidence of product usability, accessibility or suitability for another task.",https://www.awwwards.com/websites/sites_of_the_day/?page=7,7,Awwwards Site of the Day listing,2026-09-02,listing title and award metadata only,Listing-only breadth sample; not eligible as a direct design reference.
AW-152,D2C Life Science,award_site,catalog,awwwards.com,mixed award-site sample,marketing / editorial / portfolio / experimental,,,Breadth reference only; inspect the actual site before transferring any principle.,"An award listing is not evidence of product usability, accessibility or suitability for another task.",https://www.awwwards.com/websites/sites_of_the_day/?page=7,7,Awwwards Site of the Day listing,2026-09-02,listing title and award metadata only,Listing-only breadth sample; not eligible as a direct design reference.
AW-153,Voku.Studio™,award_site,catalog,awwwards.com,mixed award-site sample,marketing / editorial / portfolio / experimental,,,Breadth reference only; inspect the actual site before transferring any principle.,"An award listing is not evidence of product usability, accessibility or suitability for another task.",https://www.awwwards.com/websites/sites_of_the_day/?page=7,7,Awwwards Site of the Day listing,2026-09-02,listing title and award metadata only,Listing-only breadth sample; not eligible as a direct design reference.
AW-154,Vibrant Wellness,award_site,catalog,awwwards.com,mixed award-site sample,marketing / editorial / portfolio / experimental,,,Breadth reference only; inspect the actual site before transferring any principle.,"An award listing is not evidence of product usability, accessibility or suitability for another task.",https://www.awwwards.com/websites/sites_of_the_day/?page=7,7,Awwwards Site of the Day listing,2026-09-02,listing title and award metadata only,Listing-only breadth sample; not eligible as a direct design reference.
AW-155,Farm Minerals,award_site,catalog,awwwards.com,mixed award-site sample,marketing / editorial / portfolio / experimental,,,Breadth reference only; inspect the actual site before transferring any principle.,"An award listing is not evidence of product usability, accessibility or suitability for another task.",https://www.awwwards.com/websites/sites_of_the_day/?page=7,7,Awwwards Site of the Day listing,2026-09-02,listing title and award metadata only,Listing-only breadth sample; not eligible as a direct design reference.
AW-156,Studio Dialect,award_site,catalog,awwwards.com,mixed award-site sample,marketing / editorial / portfolio / experimental,,,Breadth reference only; inspect the actual site before transferring any principle.,"An award listing is not evidence of product usability, accessibility or suitability for another task.",https://www.awwwards.com/websites/sites_of_the_day/?page=7,7,Awwwards Site of the Day listing,2026-09-02,listing title and award metadata only,Listing-only breadth sample; not eligible as a direct design reference.
AW-157,MOB LINKS,award_site,catalog,awwwards.com,mixed award-site sample,marketing / editorial / portfolio / experimental,,,Breadth reference only; inspect the actual site before transferring any principle.,"An award listing is not evidence of product usability, accessibility or suitability for another task.",https://www.awwwards.com/websites/sites_of_the_day/?page=7,7,Awwwards Site of the Day listing,2026-09-02,listing title and award metadata only,Listing-only breadth sample; not eligible as a direct design reference.
AW-158,Telha Clarke,award_site,catalog,awwwards.com,mixed award-site sample,marketing / editorial / portfolio / experimental,,,Breadth reference only; inspect the actual site before transferring any principle.,"An award listing is not evidence of product usability, accessibility or suitability for another task.",https://www.awwwards.com/websites/sites_of_the_day/?page=7,7,Awwwards Site of the Day listing,2026-09-02,listing title and award metadata only,Listing-only breadth sample; not eligible as a direct design reference.
AW-159,Lightweight,award_site,catalog,awwwards.com,mixed award-site sample,marketing / editorial / portfolio / experimental,,,Breadth reference only; inspect the actual site before transferring any principle.,"An award listing is not evidence of product usability, accessibility or suitability for another task.",https://www.awwwards.com/websites/sites_of_the_day/?page=7,7,Awwwards Site of the Day listing,2026-09-02,listing title and award metadata only,Listing-only breadth sample; not eligible as a direct design reference.
AW-160,Damn Good Brands,award_site,catalog,awwwards.com,mixed award-site sample,marketing / editorial / portfolio / experimental,,,Breadth reference only; inspect the actual site before transferring any principle.,"An award listing is not evidence of product usability, accessibility or suitability for another task.",https://www.awwwards.com/websites/sites_of_the_day/?page=7,7,Awwwards Site of the Day listing,2026-09-02,listing title and award metadata only,Listing-only breadth sample; not eligible as a direct design reference.
AW-161,VALIENTE,award_site,catalog,awwwards.com,mixed award-site sample,marketing / editorial / portfolio / experimental,,,Breadth reference only; inspect the actual site before transferring any principle.,"An award listing is not evidence of product usability, accessibility or suitability for another task.",https://www.awwwards.com/websites/sites_of_the_day/?page=7,7,Awwwards Site of the Day listing,2026-09-02,listing title and award metadata only,Listing-only breadth sample; not eligible as a direct design reference.
AW-162,Art Here 2025 - Richard Mille,award_site,catalog,awwwards.com,mixed award-site sample,marketing / editorial / portfolio / experimental,,,Breadth reference only; inspect the actual site before transferring any principle.,"An award listing is not evidence of product usability, accessibility or suitability for another task.",https://www.awwwards.com/websites/sites_of_the_day/?page=7,7,Awwwards Site of the Day listing,2026-09-02,listing title and award metadata only,Listing-only breadth sample; not eligible as a direct design reference.
AW-163,Emilie Aubry,award_site,catalog,awwwards.com,mixed award-site sample,marketing / editorial / portfolio / experimental,,,Breadth reference only; inspect the actual site before transferring any principle.,"An award listing is not evidence of product usability, accessibility or suitability for another task.",https://www.awwwards.com/websites/sites_of_the_day/?page=7,7,Awwwards Site of the Day listing,2026-09-02,listing title and award metadata only,Listing-only breadth sample; not eligible as a direct design reference.
AW-164,SILEENT,award_site,catalog,awwwards.com,mixed award-site sample,marketing / editorial / portfolio / experimental,,,Breadth reference only; inspect the actual site before transferring any principle.,"An award listing is not evidence of product usability, accessibility or suitability for another task.",https://www.awwwards.com/websites/sites_of_the_day/?page=7,7,Awwwards Site of the Day listing,2026-09-02,listing title and award metadata only,Listing-only breadth sample; not eligible as a direct design reference.
AW-165,The Renaissance Edition,award_site,catalog,awwwards.com,mixed award-site sample,marketing / editorial / portfolio / experimental,,,Breadth reference only; inspect the actual site before transferring any principle.,"An award listing is not evidence of product usability, accessibility or suitability for another task.",https://www.awwwards.com/websites/sites_of_the_day/?page=7,7,Awwwards Site of the Day listing,2026-09-02,listing title and award metadata only,Listing-only breadth sample; not eligible as a direct design reference.
AW-166,Nicola Romei™,award_site,catalog,awwwards.com,mixed award-site sample,marketing / editorial / portfolio / experimental,,,Breadth reference only; inspect the actual site before transferring any principle.,"An award listing is not evidence of product usability, accessibility or suitability for another task.",https://www.awwwards.com/websites/sites_of_the_day/?page=7,7,Awwwards Site of the Day listing,2026-09-02,listing title and award metadata only,Listing-only breadth sample; not eligible as a direct design reference.
AW-167,Nfinite,award_site,catalog,awwwards.com,mixed award-site sample,marketing / editorial / portfolio / experimental,,,Breadth reference only; inspect the actual site before transferring any principle.,"An award listing is not evidence of product usability, accessibility or suitability for another task.",https://www.awwwards.com/websites/sites_of_the_day/?page=7,7,Awwwards Site of the Day listing,2026-09-02,listing title and award metadata only,Listing-only breadth sample; not eligible as a direct design reference.
AW-168,Ciridae,award_site,catalog,awwwards.com,mixed award-site sample,marketing / editorial / portfolio / experimental,,,Breadth reference only; inspect the actual site before transferring any principle.,"An award listing is not evidence of product usability, accessibility or suitability for another task.",https://www.awwwards.com/websites/sites_of_the_day/?page=7,7,Awwwards Site of the Day listing,2026-09-02,listing title and award metadata only,Listing-only breadth sample; not eligible as a direct design reference.
AW-169,Aramco - Shoot For The Future,award_site,catalog,awwwards.com,mixed award-site sample,marketing / editorial / portfolio / experimental,,,Breadth reference only; inspect the actual site before transferring any principle.,"An award listing is not evidence of product usability, accessibility or suitability for another task.",https://www.awwwards.com/websites/sites_of_the_day/?page=7,7,Awwwards Site of the Day listing,2026-09-02,listing title and award metadata only,Listing-only breadth sample; not eligible as a direct design reference.
AW-170,Explore Primland,award_site,catalog,awwwards.com,mixed award-site sample,marketing / editorial / portfolio / experimental,,,Breadth reference only; inspect the actual site before transferring any principle.,"An award listing is not evidence of product usability, accessibility or suitability for another task.",https://www.awwwards.com/websites/sites_of_the_day/?page=7,7,Awwwards Site of the Day listing,2026-09-02,listing title and award metadata only,Listing-only breadth sample; not eligible as a direct design reference.
AW-171,©Design by Dylan,award_site,catalog,awwwards.com,mixed award-site sample,marketing / editorial / portfolio / experimental,,,Breadth reference only; inspect the actual site before transferring any principle.,"An award listing is not evidence of product usability, accessibility or suitability for another task.",https://www.awwwards.com/websites/sites_of_the_day/?page=7,7,Awwwards Site of the Day listing,2026-09-02,listing title and award metadata only,Listing-only breadth sample; not eligible as a direct design reference.
AW-172,Ethan & Tom,award_site,catalog,awwwards.com,mixed award-site sample,marketing / editorial / portfolio / experimental,,,Breadth reference only; inspect the actual site before transferring any principle.,"An award listing is not evidence of product usability, accessibility or suitability for another task.",https://www.awwwards.com/websites/sites_of_the_day/?page=7,7,Awwwards Site of the Day listing,2026-09-02,listing title and award metadata only,Listing-only breadth sample; not eligible as a direct design reference.
AW-174,Yucca Packaging,award_site,catalog,awwwards.com,mixed award-site sample,marketing / editorial / portfolio / experimental,,,Breadth reference only; inspect the actual site before transferring any principle.,"An award listing is not evidence of product usability, accessibility or suitability for another task.",https://www.awwwards.com/websites/sites_of_the_day/?page=7,7,Awwwards Site of the Day listing,2026-09-02,listing title and award metadata only,Listing-only breadth sample; not eligible as a direct design reference.
AW-175,Pedestal,award_site,catalog,awwwards.com,mixed award-site sample,marketing / editorial / portfolio / experimental,,,Breadth reference only; inspect the actual site before transferring any principle.,"An award listing is not evidence of product usability, accessibility or suitability for another task.",https://www.awwwards.com/websites/sites_of_the_day/?page=7,7,Awwwards Site of the Day listing,2026-09-02,listing title and award metadata only,Listing-only breadth sample; not eligible as a direct design reference.
AW-176,FOLLOW.ART,award_site,catalog,awwwards.com,mixed award-site sample,marketing / editorial / portfolio / experimental,,,Breadth reference only; inspect the actual site before transferring any principle.,"An award listing is not evidence of product usability, accessibility or suitability for another task.",https://www.awwwards.com/websites/sites_of_the_day/?page=7,7,Awwwards Site of the Day listing,2026-09-02,listing title and award metadata only,Listing-only breadth sample; not eligible as a direct design reference.
AW-177,Sleep Well Creative,award_site,catalog,awwwards.com,mixed award-site sample,marketing / editorial / portfolio / experimental,,,Breadth reference only; inspect the actual site before transferring any principle.,"An award listing is not evidence of product usability, accessibility or suitability for another task.",https://www.awwwards.com/websites/sites_of_the_day/?page=7,7,Awwwards Site of the Day listing,2026-09-02,listing title and award metadata only,Listing-only breadth sample; not eligible as a direct design reference.
AW-178,Paris by Emily,award_site,catalog,awwwards.com,mixed award-site sample,marketing / editorial / portfolio / experimental,,,Breadth reference only; inspect the actual site before transferring any principle.,"An award listing is not evidence of product usability, accessibility or suitability for another task.",https://www.awwwards.com/websites/sites_of_the_day/?page=9,9,Awwwards Site of the Day listing,2026-09-02,listing title and award metadata only,Listing-only breadth sample; not eligible as a direct design reference.
AW-179,Tesoro,award_site,catalog,awwwards.com,mixed award-site sample,marketing / editorial / portfolio / experimental,,,Breadth reference only; inspect the actual site before transferring any principle.,"An award listing is not evidence of product usability, accessibility or suitability for another task.",https://www.awwwards.com/websites/sites_of_the_day/?page=9,9,Awwwards Site of the Day listing,2026-09-02,listing title and award metadata only,Listing-only breadth sample; not eligible as a direct design reference.
AW-180,Ousmane Dembélé ⏤ Ballon d'Or,award_site,catalog,awwwards.com,mixed award-site sample,marketing / editorial / portfolio / experimental,,,Breadth reference only; inspect the actual site before transferring any principle.,"An award listing is not evidence of product usability, accessibility or suitability for another task.",https://www.awwwards.com/websites/sites_of_the_day/?page=9,9,Awwwards Site of the Day listing,2026-09-02,listing title and award metadata only,Listing-only breadth sample; not eligible as a direct design reference.
AW-181,The Creative Website Manual™,award_site,catalog,awwwards.com,mixed award-site sample,marketing / editorial / portfolio / experimental,,,Breadth reference only; inspect the actual site before transferring any principle.,"An award listing is not evidence of product usability, accessibility or suitability for another task.",https://www.awwwards.com/websites/sites_of_the_day/?page=9,9,Awwwards Site of the Day listing,2026-09-02,listing title and award metadata only,Listing-only breadth sample; not eligible as a direct design reference.
AW-182,StringTune,award_site,catalog,awwwards.com,mixed award-site sample,marketing / editorial / portfolio / experimental,,,Breadth reference only; inspect the actual site before transferring any principle.,"An award listing is not evidence of product usability, accessibility or suitability for another task.",https://www.awwwards.com/websites/sites_of_the_day/?page=9,9,Awwwards Site of the Day listing,2026-09-02,listing title and award metadata only,Listing-only breadth sample; not eligible as a direct design reference.
AW-183,12 Mil,award_site,catalog,awwwards.com,mixed award-site sample,marketing / editorial / portfolio / experimental,,,Breadth reference only; inspect the actual site before transferring any principle.,"An award listing is not evidence of product usability, accessibility or suitability for another task.",https://www.awwwards.com/websites/sites_of_the_day/?page=9,9,Awwwards Site of the Day listing,2026-09-02,listing title and award metadata only,Listing-only breadth sample; not eligible as a direct design reference.
AW-184,The House of Wonders,award_site,catalog,awwwards.com,mixed award-site sample,marketing / editorial / portfolio / experimental,,,Breadth reference only; inspect the actual site before transferring any principle.,"An award listing is not evidence of product usability, accessibility or suitability for another task.",https://www.awwwards.com/websites/sites_of_the_day/?page=9,9,Awwwards Site of the Day listing,2026-09-02,listing title and award metadata only,Listing-only breadth sample; not eligible as a direct design reference.
AW-185,Motto XX,award_site,catalog,awwwards.com,mixed award-site sample,marketing / editorial / portfolio / experimental,,,Breadth reference only; inspect the actual site before transferring any principle.,"An award listing is not evidence of product usability, accessibility or suitability for another task.",https://www.awwwards.com/websites/sites_of_the_day/?page=9,9,Awwwards Site of the Day listing,2026-09-02,listing title and award metadata only,Listing-only breadth sample; not eligible as a direct design reference.
AW-186,Lusano,award_site,catalog,awwwards.com,mixed award-site sample,marketing / editorial / portfolio / experimental,,,Breadth reference only; inspect the actual site before transferring any principle.,"An award listing is not evidence of product usability, accessibility or suitability for another task.",https://www.awwwards.com/websites/sites_of_the_day/?page=9,9,Awwwards Site of the Day listing,2026-09-02,listing title and award metadata only,Listing-only breadth sample; not eligible as a direct design reference.
AW-187,Obys' Design Books,award_site,catalog,awwwards.com,mixed award-site sample,marketing / editorial / portfolio / experimental,,,Breadth reference only; inspect the actual site before transferring any principle.,"An award listing is not evidence of product usability, accessibility or suitability for another task.",https://www.awwwards.com/websites/sites_of_the_day/?page=9,9,Awwwards Site of the Day listing,2026-09-02,listing title and award metadata only,Listing-only breadth sample; not eligible as a direct design reference.
AW-188,Osmo,award_site,catalog,awwwards.com,mixed award-site sample,marketing / editorial / portfolio / experimental,,,Breadth reference only; inspect the actual site before transferring any principle.,"An award listing is not evidence of product usability, accessibility or suitability for another task.",https://www.awwwards.com/websites/sites_of_the_day/?page=9,9,Awwwards Site of the Day listing,2026-09-02,listing title and award metadata only,Listing-only breadth sample; not eligible as a direct design reference.
AW-189,Freshman,award_site,catalog,awwwards.com,mixed award-site sample,marketing / editorial / portfolio / experimental,,,Breadth reference only; inspect the actual site before transferring any principle.,"An award listing is not evidence of product usability, accessibility or suitability for another task.",https://www.awwwards.com/websites/sites_of_the_day/?page=9,9,Awwwards Site of the Day listing,2026-09-02,listing title and award metadata only,Listing-only breadth sample; not eligible as a direct design reference.
AW-190,KOKUYO Curiosity is Life,award_site,catalog,awwwards.com,mixed award-site sample,marketing / editorial / portfolio / experimental,,,Breadth reference only; inspect the actual site before transferring any principle.,"An award listing is not evidence of product usability, accessibility or suitability for another task.",https://www.awwwards.com/websites/sites_of_the_day/?page=9,9,Awwwards Site of the Day listing,2026-09-02,listing title and award metadata only,Listing-only breadth sample; not eligible as a direct design reference.
AW-191,MAX MILKIN Portfolio,award_site,catalog,awwwards.com,mixed award-site sample,marketing / editorial / portfolio / experimental,,,Breadth reference only; inspect the actual site before transferring any principle.,"An award listing is not evidence of product usability, accessibility or suitability for another task.",https://www.awwwards.com/websites/sites_of_the_day/?page=9,9,Awwwards Site of the Day listing,2026-09-02,listing title and award metadata only,Listing-only breadth sample; not eligible as a direct design reference.
AW-192,Shopify Supply | Performance Pack,award_site,catalog,awwwards.com,mixed award-site sample,marketing / editorial / portfolio / experimental,,,Breadth reference only; inspect the actual site before transferring any principle.,"An award listing is not evidence of product usability, accessibility or suitability for another task.",https://www.awwwards.com/websites/sites_of_the_day/?page=9,9,Awwwards Site of the Day listing,2026-09-02,listing title and award metadata only,Listing-only breadth sample; not eligible as a direct design reference.
AW-193,Flim,award_site,catalog,awwwards.com,mixed award-site sample,marketing / editorial / portfolio / experimental,,,Breadth reference only; inspect the actual site before transferring any principle.,"An award listing is not evidence of product usability, accessibility or suitability for another task.",https://www.awwwards.com/websites/sites_of_the_day/?page=9,9,Awwwards Site of the Day listing,2026-09-02,listing title and award metadata only,Listing-only breadth sample; not eligible as a direct design reference.
AW-194,Seventeen,award_site,catalog,awwwards.com,mixed award-site sample,marketing / editorial / portfolio / experimental,,,Breadth reference only; inspect the actual site before transferring any principle.,"An award listing is not evidence of product usability, accessibility or suitability for another task.",https://www.awwwards.com/websites/sites_of_the_day/?page=9,9,Awwwards Site of the Day listing,2026-09-02,listing title and award metadata only,Listing-only breadth sample; not eligible as a direct design reference.
AW-195,norgram.co,award_site,catalog,awwwards.com,mixed award-site sample,marketing / editorial / portfolio / experimental,,,Breadth reference only; inspect the actual site before transferring any principle.,"An award listing is not evidence of product usability, accessibility or suitability for another task.",https://www.awwwards.com/websites/sites_of_the_day/?page=9,9,Awwwards Site of the Day listing,2026-09-02,listing title and award metadata only,Listing-only breadth sample; not eligible as a direct design reference.
AW-196,The Spark,award_site,catalog,awwwards.com,mixed award-site sample,marketing / editorial / portfolio / experimental,,,Breadth reference only; inspect the actual site before transferring any principle.,"An award listing is not evidence of product usability, accessibility or suitability for another task.",https://www.awwwards.com/websites/sites_of_the_day/?page=9,9,Awwwards Site of the Day listing,2026-09-02,listing title and award metadata only,Listing-only breadth sample; not eligible as a direct design reference.
AW-197,Jacques + Cie,award_site,catalog,awwwards.com,mixed award-site sample,marketing / editorial / portfolio / experimental,,,Breadth reference only; inspect the actual site before transferring any principle.,"An award listing is not evidence of product usability, accessibility or suitability for another task.",https://www.awwwards.com/websites/sites_of_the_day/?page=9,9,Awwwards Site of the Day listing,2026-09-02,listing title and award metadata only,Listing-only breadth sample; not eligible as a direct design reference.
AW-198,Quiet Cubes,award_site,catalog,awwwards.com,mixed award-site sample,marketing / editorial / portfolio / experimental,,,Breadth reference only; inspect the actual site before transferring any principle.,"An award listing is not evidence of product usability, accessibility or suitability for another task.",https://www.awwwards.com/websites/sites_of_the_day/?page=9,9,Awwwards Site of the Day listing,2026-09-02,listing title and award metadata only,Listing-only breadth sample; not eligible as a direct design reference.
AW-199,TitanGate Equity,award_site,catalog,awwwards.com,mixed award-site sample,marketing / editorial / portfolio / experimental,,,Breadth reference only; inspect the actual site before transferring any principle.,"An award listing is not evidence of product usability, accessibility or suitability for another task.",https://www.awwwards.com/websites/sites_of_the_day/?page=9,9,Awwwards Site of the Day listing,2026-09-02,listing title and award metadata only,Listing-only breadth sample; not eligible as a direct design reference.
AW-200,DaVincii,award_site,catalog,awwwards.com,mixed award-site sample,marketing / editorial / portfolio / experimental,,,Breadth reference only; inspect the actual site before transferring any principle.,"An award listing is not evidence of product usability, accessibility or suitability for another task.",https://www.awwwards.com/websites/sites_of_the_day/?page=9,9,Awwwards Site of the Day listing,2026-09-02,listing title and award metadata only,Listing-only breadth sample; not eligible as a direct design reference.
AW-201,House Of Corto,award_site,catalog,awwwards.com,mixed award-site sample,marketing / editorial / portfolio / experimental,,,Breadth reference only; inspect the actual site before transferring any principle.,"An award listing is not evidence of product usability, accessibility or suitability for another task.",https://www.awwwards.com/websites/sites_of_the_day/?page=9,9,Awwwards Site of the Day listing,2026-09-02,listing title and award metadata only,Listing-only breadth sample; not eligible as a direct design reference.
AW-202,Elliott Mangham,award_site,catalog,awwwards.com,mixed award-site sample,marketing / editorial / portfolio / experimental,,,Breadth reference only; inspect the actual site before transferring any principle.,"An award listing is not evidence of product usability, accessibility or suitability for another task.",https://www.awwwards.com/websites/sites_of_the_day/?page=9,9,Awwwards Site of the Day listing,2026-09-02,listing title and award metadata only,Listing-only breadth sample; not eligible as a direct design reference.
AW-203,Paolo Vendramini,award_site,catalog,awwwards.com,mixed award-site sample,marketing / editorial / portfolio / experimental,,,Breadth reference only; inspect the actual site before transferring any principle.,"An award listing is not evidence of product usability, accessibility or suitability for another task.",https://www.awwwards.com/websites/sites_of_the_day/?page=9,9,Awwwards Site of the Day listing,2026-09-02,listing title and award metadata only,Listing-only breadth sample; not eligible as a direct design reference.
AW-204,Microsoft AI,award_site,catalog,awwwards.com,mixed award-site sample,marketing / editorial / portfolio / experimental,,,Breadth reference only; inspect the actual site before transferring any principle.,"An award listing is not evidence of product usability, accessibility or suitability for another task.",https://www.awwwards.com/websites/sites_of_the_day/?page=9,9,Awwwards Site of the Day listing,2026-09-02,listing title and award metadata only,Listing-only breadth sample; not eligible as a direct design reference.
AW-205,Creative Giants,award_site,catalog,awwwards.com,mixed award-site sample,marketing / editorial / portfolio / experimental,,,Breadth reference only; inspect the actual site before transferring any principle.,"An award listing is not evidence of product usability, accessibility or suitability for another task.",https://www.awwwards.com/websites/sites_of_the_day/?page=9,9,Awwwards Site of the Day listing,2026-09-02,listing title and award metadata only,Listing-only breadth sample; not eligible as a direct design reference.
AW-206,New Genre Studio,award_site,catalog,awwwards.com,mixed award-site sample,marketing / editorial / portfolio / experimental,,,Breadth reference only; inspect the actual site before transferring any principle.,"An award listing is not evidence of product usability, accessibility or suitability for another task.",https://www.awwwards.com/websites/sites_of_the_day/?page=9,9,Awwwards Site of the Day listing,2026-09-02,listing title and award metadata only,Listing-only breadth sample; not eligible as a direct design reference.
AW-207,Anuc Home,award_site,catalog,awwwards.com,mixed award-site sample,marketing / editorial / portfolio / experimental,,,Breadth reference only; inspect the actual site before transferring any principle.,"An award listing is not evidence of product usability, accessibility or suitability for another task.",https://www.awwwards.com/websites/sites_of_the_day/?page=11,11,Awwwards Site of the Day listing,2026-09-02,listing title and award metadata only,Listing-only breadth sample; not eligible as a direct design reference.
AW-208,Won J. You Studios,award_site,catalog,awwwards.com,mixed award-site sample,marketing / editorial / portfolio / experimental,,,Breadth reference only; inspect the actual site before transferring any principle.,"An award listing is not evidence of product usability, accessibility or suitability for another task.",https://www.awwwards.com/websites/sites_of_the_day/?page=11,11,Awwwards Site of the Day listing,2026-09-02,listing title and award metadata only,Listing-only breadth sample; not eligible as a direct design reference.
AW-209,Ponpon Mania,award_site,catalog,awwwards.com,mixed award-site sample,marketing / editorial / portfolio / experimental,,,Breadth reference only; inspect the actual site before transferring any principle.,"An award listing is not evidence of product usability, accessibility or suitability for another task.",https://www.awwwards.com/websites/sites_of_the_day/?page=11,11,Awwwards Site of the Day listing,2026-09-02,listing title and award metadata only,Listing-only breadth sample; not eligible as a direct design reference.
AW-210,RELATS,award_site,catalog,awwwards.com,mixed award-site sample,marketing / editorial / portfolio / experimental,,,Breadth reference only; inspect the actual site before transferring any principle.,"An award listing is not evidence of product usability, accessibility or suitability for another task.",https://www.awwwards.com/websites/sites_of_the_day/?page=11,11,Awwwards Site of the Day listing,2026-09-02,listing title and award metadata only,Listing-only breadth sample; not eligible as a direct design reference.
AW-211,100 Lost Species,award_site,catalog,awwwards.com,mixed award-site sample,marketing / editorial / portfolio / experimental,,,Breadth reference only; inspect the actual site before transferring any principle.,"An award listing is not evidence of product usability, accessibility or suitability for another task.",https://www.awwwards.com/websites/sites_of_the_day/?page=11,11,Awwwards Site of the Day listing,2026-09-02,listing title and award metadata only,Listing-only breadth sample; not eligible as a direct design reference.
AW-212,Flabbergast Agency,award_site,catalog,awwwards.com,mixed award-site sample,marketing / editorial / portfolio / experimental,,,Breadth reference only; inspect the actual site before transferring any principle.,"An award listing is not evidence of product usability, accessibility or suitability for another task.",https://www.awwwards.com/websites/sites_of_the_day/?page=11,11,Awwwards Site of the Day listing,2026-09-02,listing title and award metadata only,Listing-only breadth sample; not eligible as a direct design reference.
AW-213,LaCrapule Studio,award_site,catalog,awwwards.com,mixed award-site sample,marketing / editorial / portfolio / experimental,,,Breadth reference only; inspect the actual site before transferring any principle.,"An award listing is not evidence of product usability, accessibility or suitability for another task.",https://www.awwwards.com/websites/sites_of_the_day/?page=11,11,Awwwards Site of the Day listing,2026-09-02,listing title and award metadata only,Listing-only breadth sample; not eligible as a direct design reference.
AW-214,Heimdall Power,award_site,catalog,awwwards.com,mixed award-site sample,marketing / editorial / portfolio / experimental,,,Breadth reference only; inspect the actual site before transferring any principle.,"An award listing is not evidence of product usability, accessibility or suitability for another task.",https://www.awwwards.com/websites/sites_of_the_day/?page=11,11,Awwwards Site of the Day listing,2026-09-02,listing title and award metadata only,Listing-only breadth sample; not eligible as a direct design reference.
AW-215,Gen-02 SMSY Portfolio,award_site,catalog,awwwards.com,mixed award-site sample,marketing / editorial / portfolio / experimental,,,Breadth reference only; inspect the actual site before transferring any principle.,"An award listing is not evidence of product usability, accessibility or suitability for another task.",https://www.awwwards.com/websites/sites_of_the_day/?page=11,11,Awwwards Site of the Day listing,2026-09-02,listing title and award metadata only,Listing-only breadth sample; not eligible as a direct design reference.
AW-216,Working Stiff Films,award_site,catalog,awwwards.com,mixed award-site sample,marketing / editorial / portfolio / experimental,,,Breadth reference only; inspect the actual site before transferring any principle.,"An award listing is not evidence of product usability, accessibility or suitability for another task.",https://www.awwwards.com/websites/sites_of_the_day/?page=11,11,Awwwards Site of the Day listing,2026-09-02,listing title and award metadata only,Listing-only breadth sample; not eligible as a direct design reference.
AW-217,Ink Games,award_site,catalog,awwwards.com,mixed award-site sample,marketing / editorial / portfolio / experimental,,,Breadth reference only; inspect the actual site before transferring any principle.,"An award listing is not evidence of product usability, accessibility or suitability for another task.",https://www.awwwards.com/websites/sites_of_the_day/?page=11,11,Awwwards Site of the Day listing,2026-09-02,listing title and award metadata only,Listing-only breadth sample; not eligible as a direct design reference.
AW-218,Up&Up,award_site,catalog,awwwards.com,mixed award-site sample,marketing / editorial / portfolio / experimental,,,Breadth reference only; inspect the actual site before transferring any principle.,"An award listing is not evidence of product usability, accessibility or suitability for another task.",https://www.awwwards.com/websites/sites_of_the_day/?page=11,11,Awwwards Site of the Day listing,2026-09-02,listing title and award metadata only,Listing-only breadth sample; not eligible as a direct design reference.
AW-219,CHEW PRODUCTIONS,award_site,catalog,awwwards.com,mixed award-site sample,marketing / editorial / portfolio / experimental,,,Breadth reference only; inspect the actual site before transferring any principle.,"An award listing is not evidence of product usability, accessibility or suitability for another task.",https://www.awwwards.com/websites/sites_of_the_day/?page=11,11,Awwwards Site of the Day listing,2026-09-02,listing title and award metadata only,Listing-only breadth sample; not eligible as a direct design reference.
AW-220,Jonite,award_site,catalog,awwwards.com,mixed award-site sample,marketing / editorial / portfolio / experimental,,,Breadth reference only; inspect the actual site before transferring any principle.,"An award listing is not evidence of product usability, accessibility or suitability for another task.",https://www.awwwards.com/websites/sites_of_the_day/?page=11,11,Awwwards Site of the Day listing,2026-09-02,listing title and award metadata only,Listing-only breadth sample; not eligible as a direct design reference.
AW-221,Layrid,award_site,catalog,awwwards.com,mixed award-site sample,marketing / editorial / portfolio / experimental,,,Breadth reference only; inspect the actual site before transferring any principle.,"An award listing is not evidence of product usability, accessibility or suitability for another task.",https://www.awwwards.com/websites/sites_of_the_day/?page=11,11,Awwwards Site of the Day listing,2026-09-02,listing title and award metadata only,Listing-only breadth sample; not eligible as a direct design reference.
AW-222,Silver Pinewood Residences,award_site,catalog,awwwards.com,mixed award-site sample,marketing / editorial / portfolio / experimental,,,Breadth reference only; inspect the actual site before transferring any principle.,"An award listing is not evidence of product usability, accessibility or suitability for another task.",https://www.awwwards.com/websites/sites_of_the_day/?page=11,11,Awwwards Site of the Day listing,2026-09-02,listing title and award metadata only,Listing-only breadth sample; not eligible as a direct design reference.
AW-223,Mammoth Murals,award_site,catalog,awwwards.com,mixed award-site sample,marketing / editorial / portfolio / experimental,,,Breadth reference only; inspect the actual site before transferring any principle.,"An award listing is not evidence of product usability, accessibility or suitability for another task.",https://www.awwwards.com/websites/sites_of_the_day/?page=11,11,Awwwards Site of the Day listing,2026-09-02,listing title and award metadata only,Listing-only breadth sample; not eligible as a direct design reference.
AW-224,CHANEL - Les 4 Ombres Boutons,award_site,catalog,awwwards.com,mixed award-site sample,marketing / editorial / portfolio / experimental,,,Breadth reference only; inspect the actual site before transferring any principle.,"An award listing is not evidence of product usability, accessibility or suitability for another task.",https://www.awwwards.com/websites/sites_of_the_day/?page=11,11,Awwwards Site of the Day listing,2026-09-02,listing title and award metadata only,Listing-only breadth sample; not eligible as a direct design reference.
AW-225,David Alaba,award_site,catalog,awwwards.com,mixed award-site sample,marketing / editorial / portfolio / experimental,,,Breadth reference only; inspect the actual site before transferring any principle.,"An award listing is not evidence of product usability, accessibility or suitability for another task.",https://www.awwwards.com/websites/sites_of_the_day/?page=11,11,Awwwards Site of the Day listing,2026-09-02,listing title and award metadata only,Listing-only breadth sample; not eligible as a direct design reference.
AW-226,Eddie,award_site,catalog,awwwards.com,mixed award-site sample,marketing / editorial / portfolio / experimental,,,Breadth reference only; inspect the actual site before transferring any principle.,"An award listing is not evidence of product usability, accessibility or suitability for another task.",https://www.awwwards.com/websites/sites_of_the_day/?page=11,11,Awwwards Site of the Day listing,2026-09-02,listing title and award metadata only,Listing-only breadth sample; not eligible as a direct design reference.
AW-227,Example,award_site,catalog,awwwards.com,mixed award-site sample,marketing / editorial / portfolio / experimental,,,Breadth reference only; inspect the actual site before transferring any principle.,"An award listing is not evidence of product usability, accessibility or suitability for another task.",https://www.awwwards.com/websites/sites_of_the_day/?page=11,11,Awwwards Site of the Day listing,2026-09-02,listing title and award metadata only,Listing-only breadth sample; not eligible as a direct design reference.
AW-228,L'Étude - Creative Studio,award_site,catalog,awwwards.com,mixed award-site sample,marketing / editorial / portfolio / experimental,,,Breadth reference only; inspect the actual site before transferring any principle.,"An award listing is not evidence of product usability, accessibility or suitability for another task.",https://www.awwwards.com/websites/sites_of_the_day/?page=11,11,Awwwards Site of the Day listing,2026-09-02,listing title and award metadata only,Listing-only breadth sample; not eligible as a direct design reference.
AW-229,Olha Lazarieva,award_site,catalog,awwwards.com,mixed award-site sample,marketing / editorial / portfolio / experimental,,,Breadth reference only; inspect the actual site before transferring any principle.,"An award listing is not evidence of product usability, accessibility or suitability for another task.",https://www.awwwards.com/websites/sites_of_the_day/?page=11,11,Awwwards Site of the Day listing,2026-09-02,listing title and award metadata only,Listing-only breadth sample; not eligible as a direct design reference.
AW-230,ActiveHop,award_site,catalog,awwwards.com,mixed award-site sample,marketing / editorial / portfolio / experimental,,,Breadth reference only; inspect the actual site before transferring any principle.,"An award listing is not evidence of product usability, accessibility or suitability for another task.",https://www.awwwards.com/websites/sites_of_the_day/?page=11,11,Awwwards Site of the Day listing,2026-09-02,listing title and award metadata only,Listing-only breadth sample; not eligible as a direct design reference.
AW-231,Chipsa,award_site,catalog,awwwards.com,mixed award-site sample,marketing / editorial / portfolio / experimental,,,Breadth reference only; inspect the actual site before transferring any principle.,"An award listing is not evidence of product usability, accessibility or suitability for another task.",https://www.awwwards.com/websites/sites_of_the_day/?page=11,11,Awwwards Site of the Day listing,2026-09-02,listing title and award metadata only,Listing-only breadth sample; not eligible as a direct design reference.
AW-232,Gary and the endless forest,award_site,catalog,awwwards.com,mixed award-site sample,marketing / editorial / portfolio / experimental,,,Breadth reference only; inspect the actual site before transferring any principle.,"An award listing is not evidence of product usability, accessibility or suitability for another task.",https://www.awwwards.com/websites/sites_of_the_day/?page=11,11,Awwwards Site of the Day listing,2026-09-02,listing title and award metadata only,Listing-only breadth sample; not eligible as a direct design reference.
AW-233,Weavy,award_site,catalog,awwwards.com,mixed award-site sample,marketing / editorial / portfolio / experimental,,,Breadth reference only; inspect the actual site before transferring any principle.,"An award listing is not evidence of product usability, accessibility or suitability for another task.",https://www.awwwards.com/websites/sites_of_the_day/?page=11,11,Awwwards Site of the Day listing,2026-09-02,listing title and award metadata only,Listing-only breadth sample; not eligible as a direct design reference.
AW-234,Damso,award_site,catalog,awwwards.com,mixed award-site sample,marketing / editorial / portfolio / experimental,,,Breadth reference only; inspect the actual site before transferring any principle.,"An award listing is not evidence of product usability, accessibility or suitability for another task.",https://www.awwwards.com/websites/sites_of_the_day/?page=11,11,Awwwards Site of the Day listing,2026-09-02,listing title and award metadata only,Listing-only breadth sample; not eligible as a direct design reference.
AW-235,Abhishek Jha — Folio '25,award_site,catalog,awwwards.com,mixed award-site sample,marketing / editorial / portfolio / experimental,,,Breadth reference only; inspect the actual site before transferring any principle.,"An award listing is not evidence of product usability, accessibility or suitability for another task.",https://www.awwwards.com/websites/sites_of_the_day/?page=11,11,Awwwards Site of the Day listing,2026-09-02,listing title and award metadata only,Listing-only breadth sample; not eligible as a direct design reference.
AW-236,Ning Huang - Digital Designer,award_site,catalog,awwwards.com,mixed award-site sample,marketing / editorial / portfolio / experimental,,,Breadth reference only; inspect the actual site before transferring any principle.,"An award listing is not evidence of product usability, accessibility or suitability for another task.",https://www.awwwards.com/websites/sites_of_the_day/?page=13,13,Awwwards Site of the Day listing,2026-09-02,listing title and award metadata only,Listing-only breadth sample; not eligible as a direct design reference.
AW-237,Clay Boan (25),award_site,catalog,awwwards.com,mixed award-site sample,marketing / editorial / portfolio / experimental,,,Breadth reference only; inspect the actual site before transferring any principle.,"An award listing is not evidence of product usability, accessibility or suitability for another task.",https://www.awwwards.com/websites/sites_of_the_day/?page=13,13,Awwwards Site of the Day listing,2026-09-02,listing title and award metadata only,Listing-only breadth sample; not eligible as a direct design reference.
AW-238,Smooothy,award_site,catalog,awwwards.com,mixed award-site sample,marketing / editorial / portfolio / experimental,,,Breadth reference only; inspect the actual site before transferring any principle.,"An award listing is not evidence of product usability, accessibility or suitability for another task.",https://www.awwwards.com/websites/sites_of_the_day/?page=13,13,Awwwards Site of the Day listing,2026-09-02,listing title and award metadata only,Listing-only breadth sample; not eligible as a direct design reference.
AW-239,Redwood TEAM,award_site,catalog,awwwards.com,mixed award-site sample,marketing / editorial / portfolio / experimental,,,Breadth reference only; inspect the actual site before transferring any principle.,"An award listing is not evidence of product usability, accessibility or suitability for another task.",https://www.awwwards.com/websites/sites_of_the_day/?page=13,13,Awwwards Site of the Day listing,2026-09-02,listing title and award metadata only,Listing-only breadth sample; not eligible as a direct design reference.
AW-240,Cyphr,award_site,catalog,awwwards.com,mixed award-site sample,marketing / editorial / portfolio / experimental,,,Breadth reference only; inspect the actual site before transferring any principle.,"An award listing is not evidence of product usability, accessibility or suitability for another task.",https://www.awwwards.com/websites/sites_of_the_day/?page=13,13,Awwwards Site of the Day listing,2026-09-02,listing title and award metadata only,Listing-only breadth sample; not eligible as a direct design reference.
AW-241,Cartier Watches & Wonders 2025,award_site,catalog,awwwards.com,mixed award-site sample,marketing / editorial / portfolio / experimental,,,Breadth reference only; inspect the actual site before transferring any principle.,"An award listing is not evidence of product usability, accessibility or suitability for another task.",https://www.awwwards.com/websites/sites_of_the_day/?page=13,13,Awwwards Site of the Day listing,2026-09-02,listing title and award metadata only,Listing-only breadth sample; not eligible as a direct design reference.
AW-242,Inertia Studios,award_site,catalog,awwwards.com,mixed award-site sample,marketing / editorial / portfolio / experimental,,,Breadth reference only; inspect the actual site before transferring any principle.,"An award listing is not evidence of product usability, accessibility or suitability for another task.",https://www.awwwards.com/websites/sites_of_the_day/?page=13,13,Awwwards Site of the Day listing,2026-09-02,listing title and award metadata only,Listing-only breadth sample; not eligible as a direct design reference.
AW-243,Ethical Life,award_site,catalog,awwwards.com,mixed award-site sample,marketing / editorial / portfolio / experimental,,,Breadth reference only; inspect the actual site before transferring any principle.,"An award listing is not evidence of product usability, accessibility or suitability for another task.",https://www.awwwards.com/websites/sites_of_the_day/?page=13,13,Awwwards Site of the Day listing,2026-09-02,listing title and award metadata only,Listing-only breadth sample; not eligible as a direct design reference.
AW-244,The Symphony of Vines,award_site,catalog,awwwards.com,mixed award-site sample,marketing / editorial / portfolio / experimental,,,Breadth reference only; inspect the actual site before transferring any principle.,"An award listing is not evidence of product usability, accessibility or suitability for another task.",https://www.awwwards.com/websites/sites_of_the_day/?page=13,13,Awwwards Site of the Day listing,2026-09-02,listing title and award metadata only,Listing-only breadth sample; not eligible as a direct design reference.
AW-245,Aether 1,award_site,catalog,awwwards.com,mixed award-site sample,marketing / editorial / portfolio / experimental,,,Breadth reference only; inspect the actual site before transferring any principle.,"An award listing is not evidence of product usability, accessibility or suitability for another task.",https://www.awwwards.com/websites/sites_of_the_day/?page=13,13,Awwwards Site of the Day listing,2026-09-02,listing title and award metadata only,Listing-only breadth sample; not eligible as a direct design reference.
AW-246,MetaMask,award_site,catalog,awwwards.com,mixed award-site sample,marketing / editorial / portfolio / experimental,,,Breadth reference only; inspect the actual site before transferring any principle.,"An award listing is not evidence of product usability, accessibility or suitability for another task.",https://www.awwwards.com/websites/sites_of_the_day/?page=13,13,Awwwards Site of the Day listing,2026-09-02,listing title and award metadata only,Listing-only breadth sample; not eligible as a direct design reference.
AW-247,Metropolis Test Drive,award_site,catalog,awwwards.com,mixed award-site sample,marketing / editorial / portfolio / experimental,,,Breadth reference only; inspect the actual site before transferring any principle.,"An award listing is not evidence of product usability, accessibility or suitability for another task.",https://www.awwwards.com/websites/sites_of_the_day/?page=13,13,Awwwards Site of the Day listing,2026-09-02,listing title and award metadata only,Listing-only breadth sample; not eligible as a direct design reference.
AW-248,Somefolk®,award_site,catalog,awwwards.com,mixed award-site sample,marketing / editorial / portfolio / experimental,,,Breadth reference only; inspect the actual site before transferring any principle.,"An award listing is not evidence of product usability, accessibility or suitability for another task.",https://www.awwwards.com/websites/sites_of_the_day/?page=13,13,Awwwards Site of the Day listing,2026-09-02,listing title and award metadata only,Listing-only breadth sample; not eligible as a direct design reference.
AW-249,DG Velvet Collection Experience,award_site,catalog,awwwards.com,mixed award-site sample,marketing / editorial / portfolio / experimental,,,Breadth reference only; inspect the actual site before transferring any principle.,"An award listing is not evidence of product usability, accessibility or suitability for another task.",https://www.awwwards.com/websites/sites_of_the_day/?page=13,13,Awwwards Site of the Day listing,2026-09-02,listing title and award metadata only,Listing-only breadth sample; not eligible as a direct design reference.
AW-250,Hungry Tiger,award_site,catalog,awwwards.com,mixed award-site sample,marketing / editorial / portfolio / experimental,,,Breadth reference only; inspect the actual site before transferring any principle.,"An award listing is not evidence of product usability, accessibility or suitability for another task.",https://www.awwwards.com/websites/sites_of_the_day/?page=13,13,Awwwards Site of the Day listing,2026-09-02,listing title and award metadata only,Listing-only breadth sample; not eligible as a direct design reference.
AW-251,Dapper,award_site,catalog,awwwards.com,mixed award-site sample,marketing / editorial / portfolio / experimental,,,Breadth reference only; inspect the actual site before transferring any principle.,"An award listing is not evidence of product usability, accessibility or suitability for another task.",https://www.awwwards.com/websites/sites_of_the_day/?page=13,13,Awwwards Site of the Day listing,2026-09-02,listing title and award metadata only,Listing-only breadth sample; not eligible as a direct design reference.
AW-252,Jam Area,award_site,catalog,awwwards.com,mixed award-site sample,marketing / editorial / portfolio / experimental,,,Breadth reference only; inspect the actual site before transferring any principle.,"An award listing is not evidence of product usability, accessibility or suitability for another task.",https://www.awwwards.com/websites/sites_of_the_day/?page=13,13,Awwwards Site of the Day listing,2026-09-02,listing title and award metadata only,Listing-only breadth sample; not eligible as a direct design reference.
AW-253,First Frame,award_site,catalog,awwwards.com,mixed award-site sample,marketing / editorial / portfolio / experimental,,,Breadth reference only; inspect the actual site before transferring any principle.,"An award listing is not evidence of product usability, accessibility or suitability for another task.",https://www.awwwards.com/websites/sites_of_the_day/?page=13,13,Awwwards Site of the Day listing,2026-09-02,listing title and award metadata only,Listing-only breadth sample; not eligible as a direct design reference.
AW-254,Phive Clubs,award_site,catalog,awwwards.com,mixed award-site sample,marketing / editorial / portfolio / experimental,,,Breadth reference only; inspect the actual site before transferring any principle.,"An award listing is not evidence of product usability, accessibility or suitability for another task.",https://www.awwwards.com/websites/sites_of_the_day/?page=13,13,Awwwards Site of the Day listing,2026-09-02,listing title and award metadata only,Listing-only breadth sample; not eligible as a direct design reference.
AW-255,Report - VWLAB,award_site,catalog,awwwards.com,mixed award-site sample,marketing / editorial / portfolio / experimental,,,Breadth reference only; inspect the actual site before transferring any principle.,"An award listing is not evidence of product usability, accessibility or suitability for another task.",https://www.awwwards.com/websites/sites_of_the_day/?page=13,13,Awwwards Site of the Day listing,2026-09-02,listing title and award metadata only,Listing-only breadth sample; not eligible as a direct design reference.
AW-256,MIUX Studio,award_site,catalog,awwwards.com,mixed award-site sample,marketing / editorial / portfolio / experimental,,,Breadth reference only; inspect the actual site before transferring any principle.,"An award listing is not evidence of product usability, accessibility or suitability for another task.",https://www.awwwards.com/websites/sites_of_the_day/?page=13,13,Awwwards Site of the Day listing,2026-09-02,listing title and award metadata only,Listing-only breadth sample; not eligible as a direct design reference.
AW-257,Brand in the Open,award_site,catalog,awwwards.com,mixed award-site sample,marketing / editorial / portfolio / experimental,,,Breadth reference only; inspect the actual site before transferring any principle.,"An award listing is not evidence of product usability, accessibility or suitability for another task.",https://www.awwwards.com/websites/sites_of_the_day/?page=13,13,Awwwards Site of the Day listing,2026-09-02,listing title and award metadata only,Listing-only breadth sample; not eligible as a direct design reference.
AW-258,Radical Face,award_site,catalog,awwwards.com,mixed award-site sample,marketing / editorial / portfolio / experimental,,,Breadth reference only; inspect the actual site before transferring any principle.,"An award listing is not evidence of product usability, accessibility or suitability for another task.",https://www.awwwards.com/websites/sites_of_the_day/?page=13,13,Awwwards Site of the Day listing,2026-09-02,listing title and award metadata only,Listing-only breadth sample; not eligible as a direct design reference.
AW-259,Adaline,award_site,catalog,awwwards.com,mixed award-site sample,marketing / editorial / portfolio / experimental,,,Breadth reference only; inspect the actual site before transferring any principle.,"An award listing is not evidence of product usability, accessibility or suitability for another task.",https://www.awwwards.com/websites/sites_of_the_day/?page=13,13,Awwwards Site of the Day listing,2026-09-02,listing title and award metadata only,Listing-only breadth sample; not eligible as a direct design reference.
AW-260,Palmer,award_site,catalog,awwwards.com,mixed award-site sample,marketing / editorial / portfolio / experimental,,,Breadth reference only; inspect the actual site before transferring any principle.,"An award listing is not evidence of product usability, accessibility or suitability for another task.",https://www.awwwards.com/websites/sites_of_the_day/?page=13,13,Awwwards Site of the Day listing,2026-09-02,listing title and award metadata only,Listing-only breadth sample; not eligible as a direct design reference.
AW-261,FlowFest 2025,award_site,catalog,awwwards.com,mixed award-site sample,marketing / editorial / portfolio / experimental,,,Breadth reference only; inspect the actual site before transferring any principle.,"An award listing is not evidence of product usability, accessibility or suitability for another task.",https://www.awwwards.com/websites/sites_of_the_day/?page=13,13,Awwwards Site of the Day listing,2026-09-02,listing title and award metadata only,Listing-only breadth sample; not eligible as a direct design reference.
AW-262,Pop-up 10 ans la Rosée,award_site,catalog,awwwards.com,mixed award-site sample,marketing / editorial / portfolio / experimental,,,Breadth reference only; inspect the actual site before transferring any principle.,"An award listing is not evidence of product usability, accessibility or suitability for another task.",https://www.awwwards.com/websites/sites_of_the_day/?page=13,13,Awwwards Site of the Day listing,2026-09-02,listing title and award metadata only,Listing-only breadth sample; not eligible as a direct design reference.
AW-263,Mikki Sindhunata,award_site,catalog,awwwards.com,mixed award-site sample,marketing / editorial / portfolio / experimental,,,Breadth reference only; inspect the actual site before transferring any principle.,"An award listing is not evidence of product usability, accessibility or suitability for another task.",https://www.awwwards.com/websites/sites_of_the_day/?page=13,13,Awwwards Site of the Day listing,2026-09-02,listing title and award metadata only,Listing-only breadth sample; not eligible as a direct design reference.
AW-264,Avax.network,award_site,catalog,awwwards.com,mixed award-site sample,marketing / editorial / portfolio / experimental,,,Breadth reference only; inspect the actual site before transferring any principle.,"An award listing is not evidence of product usability, accessibility or suitability for another task.",https://www.awwwards.com/websites/sites_of_the_day/?page=13,13,Awwwards Site of the Day listing,2026-09-02,listing title and award metadata only,Listing-only breadth sample; not eligible as a direct design reference.
AW-265,Sunny Bonnell,award_site,catalog,awwwards.com,mixed award-site sample,marketing / editorial / portfolio / experimental,,,Breadth reference only; inspect the actual site before transferring any principle.,"An award listing is not evidence of product usability, accessibility or suitability for another task.",https://www.awwwards.com/websites/sites_of_the_day/?page=15,15,Awwwards Site of the Day listing,2026-09-02,listing title and award metadata only,Listing-only breadth sample; not eligible as a direct design reference.
AW-266,Joy From Africa,award_site,catalog,awwwards.com,mixed award-site sample,marketing / editorial / portfolio / experimental,,,Breadth reference only; inspect the actual site before transferring any principle.,"An award listing is not evidence of product usability, accessibility or suitability for another task.",https://www.awwwards.com/websites/sites_of_the_day/?page=15,15,Awwwards Site of the Day listing,2026-09-02,listing title and award metadata only,Listing-only breadth sample; not eligible as a direct design reference.
AW-267,LEOLEO,award_site,catalog,awwwards.com,mixed award-site sample,marketing / editorial / portfolio / experimental,,,Breadth reference only; inspect the actual site before transferring any principle.,"An award listing is not evidence of product usability, accessibility or suitability for another task.",https://www.awwwards.com/websites/sites_of_the_day/?page=15,15,Awwwards Site of the Day listing,2026-09-02,listing title and award metadata only,Listing-only breadth sample; not eligible as a direct design reference.
AW-268,35mm,award_site,catalog,awwwards.com,mixed award-site sample,marketing / editorial / portfolio / experimental,,,Breadth reference only; inspect the actual site before transferring any principle.,"An award listing is not evidence of product usability, accessibility or suitability for another task.",https://www.awwwards.com/websites/sites_of_the_day/?page=15,15,Awwwards Site of the Day listing,2026-09-02,listing title and award metadata only,Listing-only breadth sample; not eligible as a direct design reference.
AW-269,Caffè Design,award_site,catalog,awwwards.com,mixed award-site sample,marketing / editorial / portfolio / experimental,,,Breadth reference only; inspect the actual site before transferring any principle.,"An award listing is not evidence of product usability, accessibility or suitability for another task.",https://www.awwwards.com/websites/sites_of_the_day/?page=15,15,Awwwards Site of the Day listing,2026-09-02,listing title and award metadata only,Listing-only breadth sample; not eligible as a direct design reference.
AW-270,OPTIKKA,award_site,catalog,awwwards.com,mixed award-site sample,marketing / editorial / portfolio / experimental,,,Breadth reference only; inspect the actual site before transferring any principle.,"An award listing is not evidence of product usability, accessibility or suitability for another task.",https://www.awwwards.com/websites/sites_of_the_day/?page=15,15,Awwwards Site of the Day listing,2026-09-02,listing title and award metadata only,Listing-only breadth sample; not eligible as a direct design reference.
AW-271,Beings,award_site,catalog,awwwards.com,mixed award-site sample,marketing / editorial / portfolio / experimental,,,Breadth reference only; inspect the actual site before transferring any principle.,"An award listing is not evidence of product usability, accessibility or suitability for another task.",https://www.awwwards.com/websites/sites_of_the_day/?page=15,15,Awwwards Site of the Day listing,2026-09-02,listing title and award metadata only,Listing-only breadth sample; not eligible as a direct design reference.
AW-272,Effortel,award_site,catalog,awwwards.com,mixed award-site sample,marketing / editorial / portfolio / experimental,,,Breadth reference only; inspect the actual site before transferring any principle.,"An award listing is not evidence of product usability, accessibility or suitability for another task.",https://www.awwwards.com/websites/sites_of_the_day/?page=15,15,Awwwards Site of the Day listing,2026-09-02,listing title and award metadata only,Listing-only breadth sample; not eligible as a direct design reference.
AW-273,Eduard Bodak — Portfolio,award_site,catalog,awwwards.com,mixed award-site sample,marketing / editorial / portfolio / experimental,,,Breadth reference only; inspect the actual site before transferring any principle.,"An award listing is not evidence of product usability, accessibility or suitability for another task.",https://www.awwwards.com/websites/sites_of_the_day/?page=15,15,Awwwards Site of the Day listing,2026-09-02,listing title and award metadata only,Listing-only breadth sample; not eligible as a direct design reference.
AW-274,SOLK,award_site,catalog,awwwards.com,mixed award-site sample,marketing / editorial / portfolio / experimental,,,Breadth reference only; inspect the actual site before transferring any principle.,"An award listing is not evidence of product usability, accessibility or suitability for another task.",https://www.awwwards.com/websites/sites_of_the_day/?page=15,15,Awwwards Site of the Day listing,2026-09-02,listing title and award metadata only,Listing-only breadth sample; not eligible as a direct design reference.
AW-275,Impronta,award_site,catalog,awwwards.com,mixed award-site sample,marketing / editorial / portfolio / experimental,,,Breadth reference only; inspect the actual site before transferring any principle.,"An award listing is not evidence of product usability, accessibility or suitability for another task.",https://www.awwwards.com/websites/sites_of_the_day/?page=15,15,Awwwards Site of the Day listing,2026-09-02,listing title and award metadata only,Listing-only breadth sample; not eligible as a direct design reference.
AW-276,The Best You by Klook,award_site,catalog,awwwards.com,mixed award-site sample,marketing / editorial / portfolio / experimental,,,Breadth reference only; inspect the actual site before transferring any principle.,"An award listing is not evidence of product usability, accessibility or suitability for another task.",https://www.awwwards.com/websites/sites_of_the_day/?page=15,15,Awwwards Site of the Day listing,2026-09-02,listing title and award metadata only,Listing-only breadth sample; not eligible as a direct design reference.
AW-277,Please Call Me Champ Studio,award_site,catalog,awwwards.com,mixed award-site sample,marketing / editorial / portfolio / experimental,,,Breadth reference only; inspect the actual site before transferring any principle.,"An award listing is not evidence of product usability, accessibility or suitability for another task.",https://www.awwwards.com/websites/sites_of_the_day/?page=15,15,Awwwards Site of the Day listing,2026-09-02,listing title and award metadata only,Listing-only breadth sample; not eligible as a direct design reference.
AW-278,DICH™ Fashion,award_site,catalog,awwwards.com,mixed award-site sample,marketing / editorial / portfolio / experimental,,,Breadth reference only; inspect the actual site before transferring any principle.,"An award listing is not evidence of product usability, accessibility or suitability for another task.",https://www.awwwards.com/websites/sites_of_the_day/?page=15,15,Awwwards Site of the Day listing,2026-09-02,listing title and award metadata only,Listing-only breadth sample; not eligible as a direct design reference.
AW-279,Trawelt,award_site,catalog,awwwards.com,mixed award-site sample,marketing / editorial / portfolio / experimental,,,Breadth reference only; inspect the actual site before transferring any principle.,"An award listing is not evidence of product usability, accessibility or suitability for another task.",https://www.awwwards.com/websites/sites_of_the_day/?page=15,15,Awwwards Site of the Day listing,2026-09-02,listing title and award metadata only,Listing-only breadth sample; not eligible as a direct design reference.
AW-280,Turn.io,award_site,catalog,awwwards.com,mixed award-site sample,marketing / editorial / portfolio / experimental,,,Breadth reference only; inspect the actual site before transferring any principle.,"An award listing is not evidence of product usability, accessibility or suitability for another task.",https://www.awwwards.com/websites/sites_of_the_day/?page=15,15,Awwwards Site of the Day listing,2026-09-02,listing title and award metadata only,Listing-only breadth sample; not eligible as a direct design reference.
AW-281,Native,award_site,catalog,awwwards.com,mixed award-site sample,marketing / editorial / portfolio / experimental,,,Breadth reference only; inspect the actual site before transferring any principle.,"An award listing is not evidence of product usability, accessibility or suitability for another task.",https://www.awwwards.com/websites/sites_of_the_day/?page=15,15,Awwwards Site of the Day listing,2026-09-02,listing title and award metadata only,Listing-only breadth sample; not eligible as a direct design reference.
AW-282,Flashlights,award_site,catalog,awwwards.com,mixed award-site sample,marketing / editorial / portfolio / experimental,,,Breadth reference only; inspect the actual site before transferring any principle.,"An award listing is not evidence of product usability, accessibility or suitability for another task.",https://www.awwwards.com/websites/sites_of_the_day/?page=15,15,Awwwards Site of the Day listing,2026-09-02,listing title and award metadata only,Listing-only breadth sample; not eligible as a direct design reference.
AW-283,M&C 4.0,award_site,catalog,awwwards.com,mixed award-site sample,marketing / editorial / portfolio / experimental,,,Breadth reference only; inspect the actual site before transferring any principle.,"An award listing is not evidence of product usability, accessibility or suitability for another task.",https://www.awwwards.com/websites/sites_of_the_day/?page=15,15,Awwwards Site of the Day listing,2026-09-02,listing title and award metadata only,Listing-only breadth sample; not eligible as a direct design reference.
AW-284,NEVERHACK,award_site,catalog,awwwards.com,mixed award-site sample,marketing / editorial / portfolio / experimental,,,Breadth reference only; inspect the actual site before transferring any principle.,"An award listing is not evidence of product usability, accessibility or suitability for another task.",https://www.awwwards.com/websites/sites_of_the_day/?page=15,15,Awwwards Site of the Day listing,2026-09-02,listing title and award metadata only,Listing-only breadth sample; not eligible as a direct design reference.
AW-285,Phantom.Land,award_site,catalog,awwwards.com,mixed award-site sample,marketing / editorial / portfolio / experimental,,,Breadth reference only; inspect the actual site before transferring any principle.,"An award listing is not evidence of product usability, accessibility or suitability for another task.",https://www.awwwards.com/websites/sites_of_the_day/?page=15,15,Awwwards Site of the Day listing,2026-09-02,listing title and award metadata only,Listing-only breadth sample; not eligible as a direct design reference.
AW-286,Micro,award_site,catalog,awwwards.com,mixed award-site sample,marketing / editorial / portfolio / experimental,,,Breadth reference only; inspect the actual site before transferring any principle.,"An award listing is not evidence of product usability, accessibility or suitability for another task.",https://www.awwwards.com/websites/sites_of_the_day/?page=15,15,Awwwards Site of the Day listing,2026-09-02,listing title and award metadata only,Listing-only breadth sample; not eligible as a direct design reference.
AW-287,Seriti Films,award_site,catalog,awwwards.com,mixed award-site sample,marketing / editorial / portfolio / experimental,,,Breadth reference only; inspect the actual site before transferring any principle.,"An award listing is not evidence of product usability, accessibility or suitability for another task.",https://www.awwwards.com/websites/sites_of_the_day/?page=15,15,Awwwards Site of the Day listing,2026-09-02,listing title and award metadata only,Listing-only breadth sample; not eligible as a direct design reference.
AW-288,Sami,award_site,catalog,awwwards.com,mixed award-site sample,marketing / editorial / portfolio / experimental,,,Breadth reference only; inspect the actual site before transferring any principle.,"An award listing is not evidence of product usability, accessibility or suitability for another task.",https://www.awwwards.com/websites/sites_of_the_day/?page=15,15,Awwwards Site of the Day listing,2026-09-02,listing title and award metadata only,Listing-only breadth sample; not eligible as a direct design reference.
AW-289,Dayos,award_site,catalog,awwwards.com,mixed award-site sample,marketing / editorial / portfolio / experimental,,,Breadth reference only; inspect the actual site before transferring any principle.,"An award listing is not evidence of product usability, accessibility or suitability for another task.",https://www.awwwards.com/websites/sites_of_the_day/?page=15,15,Awwwards Site of the Day listing,2026-09-02,listing title and award metadata only,Listing-only breadth sample; not eligible as a direct design reference.
AW-290,Jordan Delcros Portfolio,award_site,catalog,awwwards.com,mixed award-site sample,marketing / editorial / portfolio / experimental,,,Breadth reference only; inspect the actual site before transferring any principle.,"An award listing is not evidence of product usability, accessibility or suitability for another task.",https://www.awwwards.com/websites/sites_of_the_day/?page=15,15,Awwwards Site of the Day listing,2026-09-02,listing title and award metadata only,Listing-only breadth sample; not eligible as a direct design reference.
AW-291,Aramco - The Birth of Oil,award_site,catalog,awwwards.com,mixed award-site sample,marketing / editorial / portfolio / experimental,,,Breadth reference only; inspect the actual site before transferring any principle.,"An award listing is not evidence of product usability, accessibility or suitability for another task.",https://www.awwwards.com/websites/sites_of_the_day/?page=15,15,Awwwards Site of the Day listing,2026-09-02,listing title and award metadata only,Listing-only breadth sample; not eligible as a direct design reference.
AW-292,Inkwell,award_site,catalog,awwwards.com,mixed award-site sample,marketing / editorial / portfolio / experimental,,,Breadth reference only; inspect the actual site before transferring any principle.,"An award listing is not evidence of product usability, accessibility or suitability for another task.",https://www.awwwards.com/websites/sites_of_the_day/?page=15,15,Awwwards Site of the Day listing,2026-09-02,listing title and award metadata only,Listing-only breadth sample; not eligible as a direct design reference.
AW-293,Eislab,award_site,catalog,awwwards.com,mixed award-site sample,marketing / editorial / portfolio / experimental,,,Breadth reference only; inspect the actual site before transferring any principle.,"An award listing is not evidence of product usability, accessibility or suitability for another task.",https://www.awwwards.com/websites/sites_of_the_day/?page=15,15,Awwwards Site of the Day listing,2026-09-02,listing title and award metadata only,Listing-only breadth sample; not eligible as a direct design reference.
AW-294,Clement Grellier — Portfolio,award_site,catalog,awwwards.com,mixed award-site sample,marketing / editorial / portfolio / experimental,,,Breadth reference only; inspect the actual site before transferring any principle.,"An award listing is not evidence of product usability, accessibility or suitability for another task.",https://www.awwwards.com/websites/sites_of_the_day/?page=15,15,Awwwards Site of the Day listing,2026-09-02,listing title and award metadata only,Listing-only breadth sample; not eligible as a direct design reference.
AW-295,Matthew Fisher,award_site,catalog,awwwards.com,mixed award-site sample,marketing / editorial / portfolio / experimental,,,Breadth reference only; inspect the actual site before transferring any principle.,"An award listing is not evidence of product usability, accessibility or suitability for another task.",https://www.awwwards.com/websites/sites_of_the_day/?page=15,15,Awwwards Site of the Day listing,2026-09-02,listing title and award metadata only,Listing-only breadth sample; not eligible as a direct design reference.
